model_type,clf,parameters,auc-roc,precision_5,accuracy_5,recall_5,f1_5,precision_10,accuracy_10,recall_10,f1_10,precision_20,accuracy_20,recall_20,f1_20,precision_30,accuracy_30,recall_30,f1_30,precision_50,accuracy_50,recall_50,f1_50
RF,"RandomForestClassifier(bootstrap=True, class_weight=None, criterion='gini',
            max_depth=50, max_features='log2', max_leaf_nodes=None,
            min_impurity_decrease=0.0, min_impurity_split=None,
            min_samples_leaf=1, min_samples_split=10,
            min_weight_fraction_leaf=0.0, n_estimators=100, n_jobs=-1,
            oob_score=False, random_state=None, verbose=0,
            warm_start=False)","{'max_depth': 5, 'max_features': 'sqrt', 'min_samples_split': 2, 'n_estimators': 10, 'n_jobs': -1}",0.38426501035196686,0.8333333333333334,0.18382352941176472,0.043478260869565216,0.08264462809917356,0.9230769230769231,0.23529411764705882,0.10434782608695652,0.18749999999999997,0.7777777777777778,0.2647058823529412,0.1826086956521739,0.29577464788732394,0.8,0.33088235294117646,0.2782608695652174,0.4129032258064516,0.7647058823529411,0.41911764705882354,0.45217391304347826,0.5683060109289617
RF,"RandomForestClassifier(bootstrap=True, class_weight=None, criterion='gini',
            max_depth=50, max_features='log2', max_leaf_nodes=None,
            min_impurity_decrease=0.0, min_impurity_split=None,
            min_samples_leaf=1, min_samples_split=10,
            min_weight_fraction_leaf=0.0, n_estimators=100, n_jobs=-1,
            oob_score=False, random_state=None, verbose=0,
            warm_start=False)","{'max_depth': 5, 'max_features': 'sqrt', 'min_samples_split': 2, 'n_estimators': 100, 'n_jobs': -1}",0.24865424430641828,0.5,0.15441176470588236,0.02608695652173913,0.049586776859504134,0.6153846153846154,0.17647058823529413,0.06956521739130435,0.125,0.6296296296296297,0.20588235294117646,0.14782608695652175,0.23943661971830987,0.7,0.27205882352941174,0.24347826086956523,0.3612903225806452,0.75,0.40441176470588236,0.4434782608695652,0.5573770491803277
RF,"RandomForestClassifier(bootstrap=True, class_weight=None, criterion='gini',
            max_depth=50, max_features='log2', max_leaf_nodes=None,
            min_impurity_decrease=0.0, min_impurity_split=None,
            min_samples_leaf=1, min_samples_split=10,
            min_weight_fraction_leaf=0.0, n_estimators=100, n_jobs=-1,
            oob_score=False, random_state=None, verbose=0,
            warm_start=False)","{'max_depth': 5, 'max_features': 'sqrt', 'min_samples_split': 10, 'n_estimators': 10, 'n_jobs': -1}",0.3571428571428572,0.5,0.15441176470588236,0.02608695652173913,0.049586776859504134,0.7692307692307693,0.20588235294117646,0.08695652173913043,0.15624999999999997,0.8888888888888888,0.3088235294117647,0.20869565217391303,0.3380281690140845,0.825,0.34558823529411764,0.28695652173913044,0.42580645161290326,0.7794117647058824,0.4338235294117647,0.4608695652173913,0.5792349726775957
RF,"RandomForestClassifier(bootstrap=True, class_weight=None, criterion='gini',
            max_depth=50, max_features='log2', max_leaf_nodes=None,
            min_impurity_decrease=0.0, min_impurity_split=None,
            min_samples_leaf=1, min_samples_split=10,
            min_weight_fraction_leaf=0.0, n_estimators=100, n_jobs=-1,
            oob_score=False, random_state=None, verbose=0,
            warm_start=False)","{'max_depth': 5, 'max_features': 'sqrt', 'min_samples_split': 10, 'n_estimators': 100, 'n_jobs': -1}",0.2670807453416149,0.6666666666666666,0.16911764705882354,0.034782608695652174,0.06611570247933884,0.6153846153846154,0.17647058823529413,0.06956521739130435,0.125,0.7037037037037037,0.23529411764705882,0.16521739130434782,0.26760563380281693,0.675,0.25735294117647056,0.23478260869565218,0.3483870967741936,0.7647058823529411,0.41911764705882354,0.45217391304347826,0.5683060109289617
RF,"RandomForestClassifier(bootstrap=True, class_weight=None, criterion='gini',
            max_depth=50, max_features='log2', max_leaf_nodes=None,
            min_impurity_decrease=0.0, min_impurity_split=None,
            min_samples_leaf=1, min_samples_split=10,
            min_weight_fraction_leaf=0.0, n_estimators=100, n_jobs=-1,
            oob_score=False, random_state=None, verbose=0,
            warm_start=False)","{'max_depth': 5, 'max_features': 'log2', 'min_samples_split': 2, 'n_estimators': 10, 'n_jobs': -1}",0.2935817805383023,0.6666666666666666,0.16911764705882354,0.034782608695652174,0.06611570247933884,0.6923076923076923,0.19117647058823528,0.0782608695652174,0.140625,0.7777777777777778,0.2647058823529412,0.1826086956521739,0.29577464788732394,0.75,0.3014705882352941,0.2608695652173913,0.3870967741935483,0.7352941176470589,0.3897058823529412,0.43478260869565216,0.546448087431694
RF,"RandomForestClassifier(bootstrap=True, class_weight=None, criterion='gini',
            max_depth=50, max_features='log2', max_leaf_nodes=None,
            min_impurity_decrease=0.0, min_impurity_split=None,
            min_samples_leaf=1, min_samples_split=10,
            min_weight_fraction_leaf=0.0, n_estimators=100, n_jobs=-1,
            oob_score=False, random_state=None, verbose=0,
            warm_start=False)","{'max_depth': 5, 'max_features': 'log2', 'min_samples_split': 2, 'n_estimators': 100, 'n_jobs': -1}",0.2521739130434783,0.6666666666666666,0.16911764705882354,0.034782608695652174,0.06611570247933884,0.6153846153846154,0.17647058823529413,0.06956521739130435,0.125,0.7037037037037037,0.23529411764705882,0.16521739130434782,0.26760563380281693,0.725,0.2867647058823529,0.25217391304347825,0.37419354838709673,0.7352941176470589,0.3897058823529412,0.43478260869565216,0.546448087431694
RF,"RandomForestClassifier(bootstrap=True, class_weight=None, criterion='gini',
            max_depth=50, max_features='log2', max_leaf_nodes=None,
            min_impurity_decrease=0.0, min_impurity_split=None,
            min_samples_leaf=1, min_samples_split=10,
            min_weight_fraction_leaf=0.0, n_estimators=100, n_jobs=-1,
            oob_score=False, random_state=None, verbose=0,
            warm_start=False)","{'max_depth': 5, 'max_features': 'log2', 'min_samples_split': 10, 'n_estimators': 10, 'n_jobs': -1}",0.324016563146998,1.0,0.19852941176470587,0.05217391304347826,0.09917355371900827,0.9230769230769231,0.23529411764705882,0.10434782608695652,0.18749999999999997,0.7407407407407407,0.25,0.17391304347826086,0.28169014084507044,0.8,0.33088235294117646,0.2782608695652174,0.4129032258064516,0.75,0.40441176470588236,0.4434782608695652,0.5573770491803277
RF,"RandomForestClassifier(bootstrap=True, class_weight=None, criterion='gini',
            max_depth=50, max_features='log2', max_leaf_nodes=None,
            min_impurity_decrease=0.0, min_impurity_split=None,
            min_samples_leaf=1, min_samples_split=10,
            min_weight_fraction_leaf=0.0, n_estimators=100, n_jobs=-1,
            oob_score=False, random_state=None, verbose=0,
            warm_start=False)","{'max_depth': 5, 'max_features': 'log2', 'min_samples_split': 10, 'n_estimators': 100, 'n_jobs': -1}",0.24140786749482404,0.5,0.15441176470588236,0.02608695652173913,0.049586776859504134,0.6153846153846154,0.17647058823529413,0.06956521739130435,0.125,0.6666666666666666,0.22058823529411764,0.1565217391304348,0.25352112676056343,0.7,0.27205882352941174,0.24347826086956523,0.3612903225806452,0.7205882352941176,0.375,0.4260869565217391,0.5355191256830601
RF,"RandomForestClassifier(bootstrap=True, class_weight=None, criterion='gini',
            max_depth=50, max_features='log2', max_leaf_nodes=None,
            min_impurity_decrease=0.0, min_impurity_split=None,
            min_samples_leaf=1, min_samples_split=10,
            min_weight_fraction_leaf=0.0, n_estimators=100, n_jobs=-1,
            oob_score=False, random_state=None, verbose=0,
            warm_start=False)","{'max_depth': 50, 'max_features': 'sqrt', 'min_samples_split': 2, 'n_estimators': 10, 'n_jobs': -1}",0.31739130434782614,1.0,0.19852941176470587,0.05217391304347826,0.09917355371900827,1.0,0.25,0.11304347826086956,0.203125,0.7037037037037037,0.23529411764705882,0.16521739130434782,0.26760563380281693,0.75,0.3014705882352941,0.2608695652173913,0.3870967741935483,0.7941176470588235,0.4485294117647059,0.46956521739130436,0.5901639344262295
RF,"RandomForestClassifier(bootstrap=True, class_weight=None, criterion='gini',
            max_depth=50, max_features='log2', max_leaf_nodes=None,
            min_impurity_decrease=0.0, min_impurity_split=None,
            min_samples_leaf=1, min_samples_split=10,
            min_weight_fraction_leaf=0.0, n_estimators=100, n_jobs=-1,
            oob_score=False, random_state=None, verbose=0,
            warm_start=False)","{'max_depth': 50, 'max_features': 'sqrt', 'min_samples_split': 2, 'n_estimators': 100, 'n_jobs': -1}",0.3629399585921325,0.6666666666666666,0.16911764705882354,0.034782608695652174,0.06611570247933884,0.6923076923076923,0.19117647058823528,0.0782608695652174,0.140625,0.7037037037037037,0.23529411764705882,0.16521739130434782,0.26760563380281693,0.775,0.3161764705882353,0.26956521739130435,0.39999999999999997,0.8235294117647058,0.47794117647058826,0.48695652173913045,0.6120218579234973
RF,"RandomForestClassifier(bootstrap=True, class_weight=None, criterion='gini',
            max_depth=50, max_features='log2', max_leaf_nodes=None,
            min_impurity_decrease=0.0, min_impurity_split=None,
            min_samples_leaf=1, min_samples_split=10,
            min_weight_fraction_leaf=0.0, n_estimators=100, n_jobs=-1,
            oob_score=False, random_state=None, verbose=0,
            warm_start=False)","{'max_depth': 50, 'max_features': 'sqrt', 'min_samples_split': 10, 'n_estimators': 10, 'n_jobs': -1}",0.2542443064182195,0.16666666666666666,0.125,0.008695652173913044,0.01652892561983471,0.46153846153846156,0.14705882352941177,0.05217391304347826,0.09374999999999999,0.5555555555555556,0.17647058823529413,0.13043478260869565,0.2112676056338028,0.675,0.25735294117647056,0.23478260869565218,0.3483870967741936,0.7941176470588235,0.4485294117647059,0.46956521739130436,0.5901639344262295
RF,"RandomForestClassifier(bootstrap=True, class_weight=None, criterion='gini',
            max_depth=50, max_features='log2', max_leaf_nodes=None,
            min_impurity_decrease=0.0, min_impurity_split=None,
            min_samples_leaf=1, min_samples_split=10,
            min_weight_fraction_leaf=0.0, n_estimators=100, n_jobs=-1,
            oob_score=False, random_state=None, verbose=0,
            warm_start=False)","{'max_depth': 50, 'max_features': 'sqrt', 'min_samples_split': 10, 'n_estimators': 100, 'n_jobs': -1}",0.286128364389234,0.16666666666666666,0.125,0.008695652173913044,0.01652892561983471,0.46153846153846156,0.14705882352941177,0.05217391304347826,0.09374999999999999,0.7037037037037037,0.23529411764705882,0.16521739130434782,0.26760563380281693,0.775,0.3161764705882353,0.26956521739130435,0.39999999999999997,0.75,0.40441176470588236,0.4434782608695652,0.5573770491803277
RF,"RandomForestClassifier(bootstrap=True, class_weight=None, criterion='gini',
            max_depth=50, max_features='log2', max_leaf_nodes=None,
            min_impurity_decrease=0.0, min_impurity_split=None,
            min_samples_leaf=1, min_samples_split=10,
            min_weight_fraction_leaf=0.0, n_estimators=100, n_jobs=-1,
            oob_score=False, random_state=None, verbose=0,
            warm_start=False)","{'max_depth': 50, 'max_features': 'log2', 'min_samples_split': 2, 'n_estimators': 10, 'n_jobs': -1}",0.4273291925465839,1.0,0.19852941176470587,0.05217391304347826,0.09917355371900827,1.0,0.25,0.11304347826086956,0.203125,0.7777777777777778,0.2647058823529412,0.1826086956521739,0.29577464788732394,0.825,0.34558823529411764,0.28695652173913044,0.42580645161290326,0.8676470588235294,0.5220588235294118,0.5130434782608696,0.644808743169399
RF,"RandomForestClassifier(bootstrap=True, class_weight=None, criterion='gini',
            max_depth=50, max_features='log2', max_leaf_nodes=None,
            min_impurity_decrease=0.0, min_impurity_split=None,
            min_samples_leaf=1, min_samples_split=10,
            min_weight_fraction_leaf=0.0, n_estimators=100, n_jobs=-1,
            oob_score=False, random_state=None, verbose=0,
            warm_start=False)","{'max_depth': 50, 'max_features': 'log2', 'min_samples_split': 2, 'n_estimators': 100, 'n_jobs': -1}",0.4128364389233954,0.16666666666666666,0.125,0.008695652173913044,0.01652892561983471,0.5384615384615384,0.16176470588235295,0.06086956521739131,0.109375,0.7037037037037037,0.23529411764705882,0.16521739130434782,0.26760563380281693,0.8,0.33088235294117646,0.2782608695652174,0.4129032258064516,0.8529411764705882,0.5073529411764706,0.5043478260869565,0.6338797814207651
RF,"RandomForestClassifier(bootstrap=True, class_weight=None, criterion='gini',
            max_depth=50, max_features='log2', max_leaf_nodes=None,
            min_impurity_decrease=0.0, min_impurity_split=None,
            min_samples_leaf=1, min_samples_split=10,
            min_weight_fraction_leaf=0.0, n_estimators=100, n_jobs=-1,
            oob_score=False, random_state=None, verbose=0,
            warm_start=False)","{'max_depth': 50, 'max_features': 'log2', 'min_samples_split': 10, 'n_estimators': 10, 'n_jobs': -1}",0.32629399585921326,0.6666666666666666,0.16911764705882354,0.034782608695652174,0.06611570247933884,0.7692307692307693,0.20588235294117646,0.08695652173913043,0.15624999999999997,0.7777777777777778,0.2647058823529412,0.1826086956521739,0.29577464788732394,0.775,0.3161764705882353,0.26956521739130435,0.39999999999999997,0.7647058823529411,0.41911764705882354,0.45217391304347826,0.5683060109289617
RF,"RandomForestClassifier(bootstrap=True, class_weight=None, criterion='gini',
            max_depth=50, max_features='log2', max_leaf_nodes=None,
            min_impurity_decrease=0.0, min_impurity_split=None,
            min_samples_leaf=1, min_samples_split=10,
            min_weight_fraction_leaf=0.0, n_estimators=100, n_jobs=-1,
            oob_score=False, random_state=None, verbose=0,
            warm_start=False)","{'max_depth': 50, 'max_features': 'log2', 'min_samples_split': 10, 'n_estimators': 100, 'n_jobs': -1}",0.27950310559006214,0.5,0.15441176470588236,0.02608695652173913,0.049586776859504134,0.5384615384615384,0.16176470588235295,0.06086956521739131,0.109375,0.7037037037037037,0.23529411764705882,0.16521739130434782,0.26760563380281693,0.7,0.27205882352941174,0.24347826086956523,0.3612903225806452,0.75,0.40441176470588236,0.4434782608695652,0.5573770491803277
DT,"DecisionTreeClassifier(class_weight=None, criterion='entropy', max_depth=100,
            max_features=None, max_leaf_nodes=None,
            min_impurity_decrease=0.0, min_impurity_split=None,
            min_samples_leaf=1, min_samples_split=10,
            min_weight_fraction_leaf=0.0, presort=False, random_state=None,
            splitter='best')","{'criterion': 'gini', 'max_depth': 1, 'min_samples_split': 2}",0.3325051759834369,1.0,0.19852941176470587,0.05217391304347826,0.09917355371900827,1.0,0.25,0.11304347826086956,0.203125,1.0,0.35294117647058826,0.23478260869565218,0.38028169014084506,1.0,0.4485294117647059,0.34782608695652173,0.5161290322580645,1.0,0.6544117647058824,0.591304347826087,0.7431693989071038
DT,"DecisionTreeClassifier(class_weight=None, criterion='entropy', max_depth=100,
            max_features=None, max_leaf_nodes=None,
            min_impurity_decrease=0.0, min_impurity_split=None,
            min_samples_leaf=1, min_samples_split=10,
            min_weight_fraction_leaf=0.0, presort=False, random_state=None,
            splitter='best')","{'criterion': 'gini', 'max_depth': 1, 'min_samples_split': 5}",0.3325051759834369,1.0,0.19852941176470587,0.05217391304347826,0.09917355371900827,1.0,0.25,0.11304347826086956,0.203125,1.0,0.35294117647058826,0.23478260869565218,0.38028169014084506,1.0,0.4485294117647059,0.34782608695652173,0.5161290322580645,1.0,0.6544117647058824,0.591304347826087,0.7431693989071038
DT,"DecisionTreeClassifier(class_weight=None, criterion='entropy', max_depth=100,
            max_features=None, max_leaf_nodes=None,
            min_impurity_decrease=0.0, min_impurity_split=None,
            min_samples_leaf=1, min_samples_split=10,
            min_weight_fraction_leaf=0.0, presort=False, random_state=None,
            splitter='best')","{'criterion': 'gini', 'max_depth': 1, 'min_samples_split': 10}",0.3325051759834369,1.0,0.19852941176470587,0.05217391304347826,0.09917355371900827,1.0,0.25,0.11304347826086956,0.203125,1.0,0.35294117647058826,0.23478260869565218,0.38028169014084506,1.0,0.4485294117647059,0.34782608695652173,0.5161290322580645,1.0,0.6544117647058824,0.591304347826087,0.7431693989071038
DT,"DecisionTreeClassifier(class_weight=None, criterion='entropy', max_depth=100,
            max_features=None, max_leaf_nodes=None,
            min_impurity_decrease=0.0, min_impurity_split=None,
            min_samples_leaf=1, min_samples_split=10,
            min_weight_fraction_leaf=0.0, presort=False, random_state=None,
            splitter='best')","{'criterion': 'gini', 'max_depth': 5, 'min_samples_split': 2}",0.12525879917184268,0.6666666666666666,0.16911764705882354,0.034782608695652174,0.06611570247933884,0.8461538461538461,0.22058823529411764,0.09565217391304348,0.171875,0.7037037037037037,0.23529411764705882,0.16521739130434782,0.26760563380281693,0.5,0.15441176470588236,0.17391304347826086,0.25806451612903225,0.7058823529411765,0.3602941176470588,0.41739130434782606,0.5245901639344263
DT,"DecisionTreeClassifier(class_weight=None, criterion='entropy', max_depth=100,
            max_features=None, max_leaf_nodes=None,
            min_impurity_decrease=0.0, min_impurity_split=None,
            min_samples_leaf=1, min_samples_split=10,
            min_weight_fraction_leaf=0.0, presort=False, random_state=None,
            splitter='best')","{'criterion': 'gini', 'max_depth': 5, 'min_samples_split': 5}",0.12525879917184268,0.6666666666666666,0.16911764705882354,0.034782608695652174,0.06611570247933884,0.8461538461538461,0.22058823529411764,0.09565217391304348,0.171875,0.7037037037037037,0.23529411764705882,0.16521739130434782,0.26760563380281693,0.5,0.15441176470588236,0.17391304347826086,0.25806451612903225,0.7058823529411765,0.3602941176470588,0.41739130434782606,0.5245901639344263
DT,"DecisionTreeClassifier(class_weight=None, criterion='entropy', max_depth=100,
            max_features=None, max_leaf_nodes=None,
            min_impurity_decrease=0.0, min_impurity_split=None,
            min_samples_leaf=1, min_samples_split=10,
            min_weight_fraction_leaf=0.0, presort=False, random_state=None,
            splitter='best')","{'criterion': 'gini', 'max_depth': 5, 'min_samples_split': 10}",0.12525879917184268,0.6666666666666666,0.16911764705882354,0.034782608695652174,0.06611570247933884,0.8461538461538461,0.22058823529411764,0.09565217391304348,0.171875,0.7037037037037037,0.23529411764705882,0.16521739130434782,0.26760563380281693,0.5,0.15441176470588236,0.17391304347826086,0.25806451612903225,0.7058823529411765,0.3602941176470588,0.41739130434782606,0.5245901639344263
DT,"DecisionTreeClassifier(class_weight=None, criterion='entropy', max_depth=100,
            max_features=None, max_leaf_nodes=None,
            min_impurity_decrease=0.0, min_impurity_split=None,
            min_samples_leaf=1, min_samples_split=10,
            min_weight_fraction_leaf=0.0, presort=False, random_state=None,
            splitter='best')","{'criterion': 'gini', 'max_depth': 10, 'min_samples_split': 2}",0.17080745341614909,1.0,0.19852941176470587,0.05217391304347826,0.09917355371900827,0.8461538461538461,0.22058823529411764,0.09565217391304348,0.171875,0.5925925925925926,0.19117647058823528,0.1391304347826087,0.22535211267605637,0.725,0.2867647058823529,0.25217391304347825,0.37419354838709673,0.7058823529411765,0.3602941176470588,0.41739130434782606,0.5245901639344263
DT,"DecisionTreeClassifier(class_weight=None, criterion='entropy', max_depth=100,
            max_features=None, max_leaf_nodes=None,
            min_impurity_decrease=0.0, min_impurity_split=None,
            min_samples_leaf=1, min_samples_split=10,
            min_weight_fraction_leaf=0.0, presort=False, random_state=None,
            splitter='best')","{'criterion': 'gini', 'max_depth': 10, 'min_samples_split': 5}",0.16252587991718426,1.0,0.19852941176470587,0.05217391304347826,0.09917355371900827,0.7692307692307693,0.20588235294117646,0.08695652173913043,0.15624999999999997,0.5925925925925926,0.19117647058823528,0.1391304347826087,0.22535211267605637,0.725,0.2867647058823529,0.25217391304347825,0.37419354838709673,0.7058823529411765,0.3602941176470588,0.41739130434782606,0.5245901639344263
DT,"DecisionTreeClassifier(class_weight=None, criterion='entropy', max_depth=100,
            max_features=None, max_leaf_nodes=None,
            min_impurity_decrease=0.0, min_impurity_split=None,
            min_samples_leaf=1, min_samples_split=10,
            min_weight_fraction_leaf=0.0, presort=False, random_state=None,
            splitter='best')","{'criterion': 'gini', 'max_depth': 10, 'min_samples_split': 10}",0.14596273291925468,0.6666666666666666,0.16911764705882354,0.034782608695652174,0.06611570247933884,0.6153846153846154,0.17647058823529413,0.06956521739130435,0.125,0.5925925925925926,0.19117647058823528,0.1391304347826087,0.22535211267605637,0.725,0.2867647058823529,0.25217391304347825,0.37419354838709673,0.7058823529411765,0.3602941176470588,0.41739130434782606,0.5245901639344263
DT,"DecisionTreeClassifier(class_weight=None, criterion='entropy', max_depth=100,
            max_features=None, max_leaf_nodes=None,
            min_impurity_decrease=0.0, min_impurity_split=None,
            min_samples_leaf=1, min_samples_split=10,
            min_weight_fraction_leaf=0.0, presort=False, random_state=None,
            splitter='best')","{'criterion': 'gini', 'max_depth': 20, 'min_samples_split': 2}",0.40786749482401663,1.0,0.19852941176470587,0.05217391304347826,0.09917355371900827,1.0,0.25,0.11304347826086956,0.203125,1.0,0.35294117647058826,0.23478260869565218,0.38028169014084506,1.0,0.4485294117647059,0.34782608695652173,0.5161290322580645,0.7794117647058824,0.4338235294117647,0.4608695652173913,0.5792349726775957
DT,"DecisionTreeClassifier(class_weight=None, criterion='entropy', max_depth=100,
            max_features=None, max_leaf_nodes=None,
            min_impurity_decrease=0.0, min_impurity_split=None,
            min_samples_leaf=1, min_samples_split=10,
            min_weight_fraction_leaf=0.0, presort=False, random_state=None,
            splitter='best')","{'criterion': 'gini', 'max_depth': 20, 'min_samples_split': 5}",0.3805383022774327,1.0,0.19852941176470587,0.05217391304347826,0.09917355371900827,1.0,0.25,0.11304347826086956,0.203125,1.0,0.35294117647058826,0.23478260869565218,0.38028169014084506,0.975,0.4338235294117647,0.3391304347826087,0.503225806451613,0.7794117647058824,0.4338235294117647,0.4608695652173913,0.5792349726775957
DT,"DecisionTreeClassifier(class_weight=None, criterion='entropy', max_depth=100,
            max_features=None, max_leaf_nodes=None,
            min_impurity_decrease=0.0, min_impurity_split=None,
            min_samples_leaf=1, min_samples_split=10,
            min_weight_fraction_leaf=0.0, presort=False, random_state=None,
            splitter='best')","{'criterion': 'gini', 'max_depth': 20, 'min_samples_split': 10}",0.3316770186335404,1.0,0.19852941176470587,0.05217391304347826,0.09917355371900827,1.0,0.25,0.11304347826086956,0.203125,1.0,0.35294117647058826,0.23478260869565218,0.38028169014084506,0.8,0.33088235294117646,0.2782608695652174,0.4129032258064516,0.75,0.40441176470588236,0.4434782608695652,0.5573770491803277
DT,"DecisionTreeClassifier(class_weight=None, criterion='entropy', max_depth=100,
            max_features=None, max_leaf_nodes=None,
            min_impurity_decrease=0.0, min_impurity_split=None,
            min_samples_leaf=1, min_samples_split=10,
            min_weight_fraction_leaf=0.0, presort=False, random_state=None,
            splitter='best')","{'criterion': 'gini', 'max_depth': 50, 'min_samples_split': 2}",0.3946169772256729,1.0,0.19852941176470587,0.05217391304347826,0.09917355371900827,1.0,0.25,0.11304347826086956,0.203125,1.0,0.35294117647058826,0.23478260869565218,0.38028169014084506,1.0,0.4485294117647059,0.34782608695652173,0.5161290322580645,1.0,0.6544117647058824,0.591304347826087,0.7431693989071038
DT,"DecisionTreeClassifier(class_weight=None, criterion='entropy', max_depth=100,
            max_features=None, max_leaf_nodes=None,
            min_impurity_decrease=0.0, min_impurity_split=None,
            min_samples_leaf=1, min_samples_split=10,
            min_weight_fraction_leaf=0.0, presort=False, random_state=None,
            splitter='best')","{'criterion': 'gini', 'max_depth': 50, 'min_samples_split': 5}",0.34347826086956523,1.0,0.19852941176470587,0.05217391304347826,0.09917355371900827,1.0,0.25,0.11304347826086956,0.203125,1.0,0.35294117647058826,0.23478260869565218,0.38028169014084506,1.0,0.4485294117647059,0.34782608695652173,0.5161290322580645,1.0,0.6544117647058824,0.591304347826087,0.7431693989071038
DT,"DecisionTreeClassifier(class_weight=None, criterion='entropy', max_depth=100,
            max_features=None, max_leaf_nodes=None,
            min_impurity_decrease=0.0, min_impurity_split=None,
            min_samples_leaf=1, min_samples_split=10,
            min_weight_fraction_leaf=0.0, presort=False, random_state=None,
            splitter='best')","{'criterion': 'gini', 'max_depth': 50, 'min_samples_split': 10}",0.379296066252588,1.0,0.19852941176470587,0.05217391304347826,0.09917355371900827,1.0,0.25,0.11304347826086956,0.203125,1.0,0.35294117647058826,0.23478260869565218,0.38028169014084506,1.0,0.4485294117647059,0.34782608695652173,0.5161290322580645,1.0,0.6544117647058824,0.591304347826087,0.7431693989071038
DT,"DecisionTreeClassifier(class_weight=None, criterion='entropy', max_depth=100,
            max_features=None, max_leaf_nodes=None,
            min_impurity_decrease=0.0, min_impurity_split=None,
            min_samples_leaf=1, min_samples_split=10,
            min_weight_fraction_leaf=0.0, presort=False, random_state=None,
            splitter='best')","{'criterion': 'gini', 'max_depth': 100, 'min_samples_split': 2}",0.3826086956521739,1.0,0.19852941176470587,0.05217391304347826,0.09917355371900827,1.0,0.25,0.11304347826086956,0.203125,1.0,0.35294117647058826,0.23478260869565218,0.38028169014084506,1.0,0.4485294117647059,0.34782608695652173,0.5161290322580645,1.0,0.6544117647058824,0.591304347826087,0.7431693989071038
DT,"DecisionTreeClassifier(class_weight=None, criterion='entropy', max_depth=100,
            max_features=None, max_leaf_nodes=None,
            min_impurity_decrease=0.0, min_impurity_split=None,
            min_samples_leaf=1, min_samples_split=10,
            min_weight_fraction_leaf=0.0, presort=False, random_state=None,
            splitter='best')","{'criterion': 'gini', 'max_depth': 100, 'min_samples_split': 5}",0.3391304347826087,1.0,0.19852941176470587,0.05217391304347826,0.09917355371900827,1.0,0.25,0.11304347826086956,0.203125,1.0,0.35294117647058826,0.23478260869565218,0.38028169014084506,1.0,0.4485294117647059,0.34782608695652173,0.5161290322580645,1.0,0.6544117647058824,0.591304347826087,0.7431693989071038
DT,"DecisionTreeClassifier(class_weight=None, criterion='entropy', max_depth=100,
            max_features=None, max_leaf_nodes=None,
            min_impurity_decrease=0.0, min_impurity_split=None,
            min_samples_leaf=1, min_samples_split=10,
            min_weight_fraction_leaf=0.0, presort=False, random_state=None,
            splitter='best')","{'criterion': 'gini', 'max_depth': 100, 'min_samples_split': 10}",0.28695652173913044,1.0,0.19852941176470587,0.05217391304347826,0.09917355371900827,1.0,0.25,0.11304347826086956,0.203125,1.0,0.35294117647058826,0.23478260869565218,0.38028169014084506,1.0,0.4485294117647059,0.34782608695652173,0.5161290322580645,0.9705882352941176,0.625,0.5739130434782609,0.7213114754098361
DT,"DecisionTreeClassifier(class_weight=None, criterion='entropy', max_depth=100,
            max_features=None, max_leaf_nodes=None,
            min_impurity_decrease=0.0, min_impurity_split=None,
            min_samples_leaf=1, min_samples_split=10,
            min_weight_fraction_leaf=0.0, presort=False, random_state=None,
            splitter='best')","{'criterion': 'entropy', 'max_depth': 1, 'min_samples_split': 2}",0.3325051759834369,1.0,0.19852941176470587,0.05217391304347826,0.09917355371900827,1.0,0.25,0.11304347826086956,0.203125,1.0,0.35294117647058826,0.23478260869565218,0.38028169014084506,1.0,0.4485294117647059,0.34782608695652173,0.5161290322580645,1.0,0.6544117647058824,0.591304347826087,0.7431693989071038
DT,"DecisionTreeClassifier(class_weight=None, criterion='entropy', max_depth=100,
            max_features=None, max_leaf_nodes=None,
            min_impurity_decrease=0.0, min_impurity_split=None,
            min_samples_leaf=1, min_samples_split=10,
            min_weight_fraction_leaf=0.0, presort=False, random_state=None,
            splitter='best')","{'criterion': 'entropy', 'max_depth': 1, 'min_samples_split': 5}",0.3325051759834369,1.0,0.19852941176470587,0.05217391304347826,0.09917355371900827,1.0,0.25,0.11304347826086956,0.203125,1.0,0.35294117647058826,0.23478260869565218,0.38028169014084506,1.0,0.4485294117647059,0.34782608695652173,0.5161290322580645,1.0,0.6544117647058824,0.591304347826087,0.7431693989071038
DT,"DecisionTreeClassifier(class_weight=None, criterion='entropy', max_depth=100,
            max_features=None, max_leaf_nodes=None,
            min_impurity_decrease=0.0, min_impurity_split=None,
            min_samples_leaf=1, min_samples_split=10,
            min_weight_fraction_leaf=0.0, presort=False, random_state=None,
            splitter='best')","{'criterion': 'entropy', 'max_depth': 1, 'min_samples_split': 10}",0.3325051759834369,1.0,0.19852941176470587,0.05217391304347826,0.09917355371900827,1.0,0.25,0.11304347826086956,0.203125,1.0,0.35294117647058826,0.23478260869565218,0.38028169014084506,1.0,0.4485294117647059,0.34782608695652173,0.5161290322580645,1.0,0.6544117647058824,0.591304347826087,0.7431693989071038
DT,"DecisionTreeClassifier(class_weight=None, criterion='entropy', max_depth=100,
            max_features=None, max_leaf_nodes=None,
            min_impurity_decrease=0.0, min_impurity_split=None,
            min_samples_leaf=1, min_samples_split=10,
            min_weight_fraction_leaf=0.0, presort=False, random_state=None,
            splitter='best')","{'criterion': 'entropy', 'max_depth': 5, 'min_samples_split': 2}",0.12153209109730853,0.6666666666666666,0.16911764705882354,0.034782608695652174,0.06611570247933884,0.6923076923076923,0.19117647058823528,0.0782608695652174,0.140625,0.7407407407407407,0.25,0.17391304347826086,0.28169014084507044,0.5,0.15441176470588236,0.17391304347826086,0.25806451612903225,0.7058823529411765,0.3602941176470588,0.41739130434782606,0.5245901639344263
DT,"DecisionTreeClassifier(class_weight=None, criterion='entropy', max_depth=100,
            max_features=None, max_leaf_nodes=None,
            min_impurity_decrease=0.0, min_impurity_split=None,
            min_samples_leaf=1, min_samples_split=10,
            min_weight_fraction_leaf=0.0, presort=False, random_state=None,
            splitter='best')","{'criterion': 'entropy', 'max_depth': 5, 'min_samples_split': 5}",0.12153209109730853,0.6666666666666666,0.16911764705882354,0.034782608695652174,0.06611570247933884,0.6923076923076923,0.19117647058823528,0.0782608695652174,0.140625,0.7407407407407407,0.25,0.17391304347826086,0.28169014084507044,0.5,0.15441176470588236,0.17391304347826086,0.25806451612903225,0.7058823529411765,0.3602941176470588,0.41739130434782606,0.5245901639344263
DT,"DecisionTreeClassifier(class_weight=None, criterion='entropy', max_depth=100,
            max_features=None, max_leaf_nodes=None,
            min_impurity_decrease=0.0, min_impurity_split=None,
            min_samples_leaf=1, min_samples_split=10,
            min_weight_fraction_leaf=0.0, presort=False, random_state=None,
            splitter='best')","{'criterion': 'entropy', 'max_depth': 5, 'min_samples_split': 10}",0.12153209109730853,0.6666666666666666,0.16911764705882354,0.034782608695652174,0.06611570247933884,0.6923076923076923,0.19117647058823528,0.0782608695652174,0.140625,0.7407407407407407,0.25,0.17391304347826086,0.28169014084507044,0.5,0.15441176470588236,0.17391304347826086,0.25806451612903225,0.7058823529411765,0.3602941176470588,0.41739130434782606,0.5245901639344263
DT,"DecisionTreeClassifier(class_weight=None, criterion='entropy', max_depth=100,
            max_features=None, max_leaf_nodes=None,
            min_impurity_decrease=0.0, min_impurity_split=None,
            min_samples_leaf=1, min_samples_split=10,
            min_weight_fraction_leaf=0.0, presort=False, random_state=None,
            splitter='best')","{'criterion': 'entropy', 'max_depth': 10, 'min_samples_split': 2}",0.3039337474120083,1.0,0.19852941176470587,0.05217391304347826,0.09917355371900827,0.9230769230769231,0.23529411764705882,0.10434782608695652,0.18749999999999997,0.7777777777777778,0.2647058823529412,0.1826086956521739,0.29577464788732394,0.825,0.34558823529411764,0.28695652173913044,0.42580645161290326,0.7647058823529411,0.41911764705882354,0.45217391304347826,0.5683060109289617
DT,"DecisionTreeClassifier(class_weight=None, criterion='entropy', max_depth=100,
            max_features=None, max_leaf_nodes=None,
            min_impurity_decrease=0.0, min_impurity_split=None,
            min_samples_leaf=1, min_samples_split=10,
            min_weight_fraction_leaf=0.0, presort=False, random_state=None,
            splitter='best')","{'criterion': 'entropy', 'max_depth': 10, 'min_samples_split': 5}",0.3039337474120083,1.0,0.19852941176470587,0.05217391304347826,0.09917355371900827,0.9230769230769231,0.23529411764705882,0.10434782608695652,0.18749999999999997,0.7777777777777778,0.2647058823529412,0.1826086956521739,0.29577464788732394,0.825,0.34558823529411764,0.28695652173913044,0.42580645161290326,0.7647058823529411,0.41911764705882354,0.45217391304347826,0.5683060109289617
DT,"DecisionTreeClassifier(class_weight=None, criterion='entropy', max_depth=100,
            max_features=None, max_leaf_nodes=None,
            min_impurity_decrease=0.0, min_impurity_split=None,
            min_samples_leaf=1, min_samples_split=10,
            min_weight_fraction_leaf=0.0, presort=False, random_state=None,
            splitter='best')","{'criterion': 'entropy', 'max_depth': 10, 'min_samples_split': 10}",0.2902691511387164,1.0,0.19852941176470587,0.05217391304347826,0.09917355371900827,0.7692307692307693,0.20588235294117646,0.08695652173913043,0.15624999999999997,0.7777777777777778,0.2647058823529412,0.1826086956521739,0.29577464788732394,0.775,0.3161764705882353,0.26956521739130435,0.39999999999999997,0.7647058823529411,0.41911764705882354,0.45217391304347826,0.5683060109289617
DT,"DecisionTreeClassifier(class_weight=None, criterion='entropy', max_depth=100,
            max_features=None, max_leaf_nodes=None,
            min_impurity_decrease=0.0, min_impurity_split=None,
            min_samples_leaf=1, min_samples_split=10,
            min_weight_fraction_leaf=0.0, presort=False, random_state=None,
            splitter='best')","{'criterion': 'entropy', 'max_depth': 20, 'min_samples_split': 2}",0.5227743271221532,1.0,0.19852941176470587,0.05217391304347826,0.09917355371900827,1.0,0.25,0.11304347826086956,0.203125,1.0,0.35294117647058826,0.23478260869565218,0.38028169014084506,1.0,0.4485294117647059,0.34782608695652173,0.5161290322580645,0.9705882352941176,0.625,0.5739130434782609,0.7213114754098361
DT,"DecisionTreeClassifier(class_weight=None, criterion='entropy', max_depth=100,
            max_features=None, max_leaf_nodes=None,
            min_impurity_decrease=0.0, min_impurity_split=None,
            min_samples_leaf=1, min_samples_split=10,
            min_weight_fraction_leaf=0.0, presort=False, random_state=None,
            splitter='best')","{'criterion': 'entropy', 'max_depth': 20, 'min_samples_split': 5}",0.5022774327122153,1.0,0.19852941176470587,0.05217391304347826,0.09917355371900827,1.0,0.25,0.11304347826086956,0.203125,1.0,0.35294117647058826,0.23478260869565218,0.38028169014084506,1.0,0.4485294117647059,0.34782608695652173,0.5161290322580645,0.9558823529411765,0.6102941176470589,0.5652173913043478,0.7103825136612021
DT,"DecisionTreeClassifier(class_weight=None, criterion='entropy', max_depth=100,
            max_features=None, max_leaf_nodes=None,
            min_impurity_decrease=0.0, min_impurity_split=None,
            min_samples_leaf=1, min_samples_split=10,
            min_weight_fraction_leaf=0.0, presort=False, random_state=None,
            splitter='best')","{'criterion': 'entropy', 'max_depth': 20, 'min_samples_split': 10}",0.4118012422360249,1.0,0.19852941176470587,0.05217391304347826,0.09917355371900827,1.0,0.25,0.11304347826086956,0.203125,1.0,0.35294117647058826,0.23478260869565218,0.38028169014084506,1.0,0.4485294117647059,0.34782608695652173,0.5161290322580645,0.8676470588235294,0.5220588235294118,0.5130434782608696,0.644808743169399
DT,"DecisionTreeClassifier(class_weight=None, criterion='entropy', max_depth=100,
            max_features=None, max_leaf_nodes=None,
            min_impurity_decrease=0.0, min_impurity_split=None,
            min_samples_leaf=1, min_samples_split=10,
            min_weight_fraction_leaf=0.0, presort=False, random_state=None,
            splitter='best')","{'criterion': 'entropy', 'max_depth': 50, 'min_samples_split': 2}",0.4445134575569358,1.0,0.19852941176470587,0.05217391304347826,0.09917355371900827,1.0,0.25,0.11304347826086956,0.203125,1.0,0.35294117647058826,0.23478260869565218,0.38028169014084506,1.0,0.4485294117647059,0.34782608695652173,0.5161290322580645,1.0,0.6544117647058824,0.591304347826087,0.7431693989071038
DT,"DecisionTreeClassifier(class_weight=None, criterion='entropy', max_depth=100,
            max_features=None, max_leaf_nodes=None,
            min_impurity_decrease=0.0, min_impurity_split=None,
            min_samples_leaf=1, min_samples_split=10,
            min_weight_fraction_leaf=0.0, presort=False, random_state=None,
            splitter='best')","{'criterion': 'entropy', 'max_depth': 50, 'min_samples_split': 5}",0.49440993788819876,1.0,0.19852941176470587,0.05217391304347826,0.09917355371900827,1.0,0.25,0.11304347826086956,0.203125,1.0,0.35294117647058826,0.23478260869565218,0.38028169014084506,1.0,0.4485294117647059,0.34782608695652173,0.5161290322580645,1.0,0.6544117647058824,0.591304347826087,0.7431693989071038
DT,"DecisionTreeClassifier(class_weight=None, criterion='entropy', max_depth=100,
            max_features=None, max_leaf_nodes=None,
            min_impurity_decrease=0.0, min_impurity_split=None,
            min_samples_leaf=1, min_samples_split=10,
            min_weight_fraction_leaf=0.0, presort=False, random_state=None,
            splitter='best')","{'criterion': 'entropy', 'max_depth': 50, 'min_samples_split': 10}",0.4592132505175983,1.0,0.19852941176470587,0.05217391304347826,0.09917355371900827,1.0,0.25,0.11304347826086956,0.203125,1.0,0.35294117647058826,0.23478260869565218,0.38028169014084506,1.0,0.4485294117647059,0.34782608695652173,0.5161290322580645,1.0,0.6544117647058824,0.591304347826087,0.7431693989071038
DT,"DecisionTreeClassifier(class_weight=None, criterion='entropy', max_depth=100,
            max_features=None, max_leaf_nodes=None,
            min_impurity_decrease=0.0, min_impurity_split=None,
            min_samples_leaf=1, min_samples_split=10,
            min_weight_fraction_leaf=0.0, presort=False, random_state=None,
            splitter='best')","{'criterion': 'entropy', 'max_depth': 100, 'min_samples_split': 2}",0.4565217391304348,1.0,0.19852941176470587,0.05217391304347826,0.09917355371900827,1.0,0.25,0.11304347826086956,0.203125,1.0,0.35294117647058826,0.23478260869565218,0.38028169014084506,1.0,0.4485294117647059,0.34782608695652173,0.5161290322580645,1.0,0.6544117647058824,0.591304347826087,0.7431693989071038
DT,"DecisionTreeClassifier(class_weight=None, criterion='entropy', max_depth=100,
            max_features=None, max_leaf_nodes=None,
            min_impurity_decrease=0.0, min_impurity_split=None,
            min_samples_leaf=1, min_samples_split=10,
            min_weight_fraction_leaf=0.0, presort=False, random_state=None,
            splitter='best')","{'criterion': 'entropy', 'max_depth': 100, 'min_samples_split': 5}",0.4267080745341615,1.0,0.19852941176470587,0.05217391304347826,0.09917355371900827,1.0,0.25,0.11304347826086956,0.203125,1.0,0.35294117647058826,0.23478260869565218,0.38028169014084506,1.0,0.4485294117647059,0.34782608695652173,0.5161290322580645,1.0,0.6544117647058824,0.591304347826087,0.7431693989071038
DT,"DecisionTreeClassifier(class_weight=None, criterion='entropy', max_depth=100,
            max_features=None, max_leaf_nodes=None,
            min_impurity_decrease=0.0, min_impurity_split=None,
            min_samples_leaf=1, min_samples_split=10,
            min_weight_fraction_leaf=0.0, presort=False, random_state=None,
            splitter='best')","{'criterion': 'entropy', 'max_depth': 100, 'min_samples_split': 10}",0.42774327122153205,1.0,0.19852941176470587,0.05217391304347826,0.09917355371900827,1.0,0.25,0.11304347826086956,0.203125,1.0,0.35294117647058826,0.23478260869565218,0.38028169014084506,1.0,0.4485294117647059,0.34782608695652173,0.5161290322580645,1.0,0.6544117647058824,0.591304347826087,0.7431693989071038
KNN,"KNeighborsClassifier(algorithm='kd_tree', leaf_size=30, metric='minkowski',
           metric_params=None, n_jobs=1, n_neighbors=100, p=2,
           weights='distance')","{'algorithm': 'auto', 'n_neighbors': 1, 'weights': 'uniform'}",0.40869565217391307,1.0,0.19852941176470587,0.05217391304347826,0.09917355371900827,1.0,0.25,0.11304347826086956,0.203125,1.0,0.35294117647058826,0.23478260869565218,0.38028169014084506,1.0,0.4485294117647059,0.34782608695652173,0.5161290322580645,1.0,0.6544117647058824,0.591304347826087,0.7431693989071038
KNN,"KNeighborsClassifier(algorithm='kd_tree', leaf_size=30, metric='minkowski',
           metric_params=None, n_jobs=1, n_neighbors=100, p=2,
           weights='distance')","{'algorithm': 'auto', 'n_neighbors': 1, 'weights': 'distance'}",0.40869565217391307,1.0,0.19852941176470587,0.05217391304347826,0.09917355371900827,1.0,0.25,0.11304347826086956,0.203125,1.0,0.35294117647058826,0.23478260869565218,0.38028169014084506,1.0,0.4485294117647059,0.34782608695652173,0.5161290322580645,1.0,0.6544117647058824,0.591304347826087,0.7431693989071038
KNN,"KNeighborsClassifier(algorithm='kd_tree', leaf_size=30, metric='minkowski',
           metric_params=None, n_jobs=1, n_neighbors=100, p=2,
           weights='distance')","{'algorithm': 'auto', 'n_neighbors': 5, 'weights': 'uniform'}",0.37432712215320907,1.0,0.19852941176470587,0.05217391304347826,0.09917355371900827,1.0,0.25,0.11304347826086956,0.203125,1.0,0.35294117647058826,0.23478260869565218,0.38028169014084506,0.8,0.33088235294117646,0.2782608695652174,0.4129032258064516,0.8382352941176471,0.49264705882352944,0.4956521739130435,0.6229508196721312
KNN,"KNeighborsClassifier(algorithm='kd_tree', leaf_size=30, metric='minkowski',
           metric_params=None, n_jobs=1, n_neighbors=100, p=2,
           weights='distance')","{'algorithm': 'auto', 'n_neighbors': 5, 'weights': 'distance'}",0.38281573498964805,1.0,0.19852941176470587,0.05217391304347826,0.09917355371900827,1.0,0.25,0.11304347826086956,0.203125,1.0,0.35294117647058826,0.23478260869565218,0.38028169014084506,0.9,0.3897058823529412,0.3130434782608696,0.4645161290322581,0.8235294117647058,0.47794117647058826,0.48695652173913045,0.6120218579234973
KNN,"KNeighborsClassifier(algorithm='kd_tree', leaf_size=30, metric='minkowski',
           metric_params=None, n_jobs=1, n_neighbors=100, p=2,
           weights='distance')","{'algorithm': 'auto', 'n_neighbors': 10, 'weights': 'uniform'}",0.3283643892339545,1.0,0.19852941176470587,0.05217391304347826,0.09917355371900827,0.6923076923076923,0.19117647058823528,0.0782608695652174,0.140625,0.8148148148148148,0.27941176470588236,0.19130434782608696,0.3098591549295775,0.75,0.3014705882352941,0.2608695652173913,0.3870967741935483,0.8529411764705882,0.5073529411764706,0.5043478260869565,0.6338797814207651
KNN,"KNeighborsClassifier(algorithm='kd_tree', leaf_size=30, metric='minkowski',
           metric_params=None, n_jobs=1, n_neighbors=100, p=2,
           weights='distance')","{'algorithm': 'auto', 'n_neighbors': 10, 'weights': 'distance'}",0.3505175983436853,1.0,0.19852941176470587,0.05217391304347826,0.09917355371900827,1.0,0.25,0.11304347826086956,0.203125,0.7777777777777778,0.2647058823529412,0.1826086956521739,0.29577464788732394,0.75,0.3014705882352941,0.2608695652173913,0.3870967741935483,0.7794117647058824,0.4338235294117647,0.4608695652173913,0.5792349726775957
KNN,"KNeighborsClassifier(algorithm='kd_tree', leaf_size=30, metric='minkowski',
           metric_params=None, n_jobs=1, n_neighbors=100, p=2,
           weights='distance')","{'algorithm': 'auto', 'n_neighbors': 25, 'weights': 'uniform'}",0.35362318840579704,1.0,0.19852941176470587,0.05217391304347826,0.09917355371900827,0.8461538461538461,0.22058823529411764,0.09565217391304348,0.171875,0.8888888888888888,0.3088235294117647,0.20869565217391303,0.3380281690140845,0.725,0.2867647058823529,0.25217391304347825,0.37419354838709673,0.8235294117647058,0.47794117647058826,0.48695652173913045,0.6120218579234973
KNN,"KNeighborsClassifier(algorithm='kd_tree', leaf_size=30, metric='minkowski',
           metric_params=None, n_jobs=1, n_neighbors=100, p=2,
           weights='distance')","{'algorithm': 'auto', 'n_neighbors': 25, 'weights': 'distance'}",0.38198757763975155,1.0,0.19852941176470587,0.05217391304347826,0.09917355371900827,0.9230769230769231,0.23529411764705882,0.10434782608695652,0.18749999999999997,0.7407407407407407,0.25,0.17391304347826086,0.28169014084507044,0.725,0.2867647058823529,0.25217391304347825,0.37419354838709673,0.8235294117647058,0.47794117647058826,0.48695652173913045,0.6120218579234973
KNN,"KNeighborsClassifier(algorithm='kd_tree', leaf_size=30, metric='minkowski',
           metric_params=None, n_jobs=1, n_neighbors=100, p=2,
           weights='distance')","{'algorithm': 'auto', 'n_neighbors': 50, 'weights': 'uniform'}",0.3109730848861284,0.8333333333333334,0.18382352941176472,0.043478260869565216,0.08264462809917356,0.6923076923076923,0.19117647058823528,0.0782608695652174,0.140625,0.7777777777777778,0.2647058823529412,0.1826086956521739,0.29577464788732394,0.8,0.33088235294117646,0.2782608695652174,0.4129032258064516,0.7794117647058824,0.4338235294117647,0.4608695652173913,0.5792349726775957
KNN,"KNeighborsClassifier(algorithm='kd_tree', leaf_size=30, metric='minkowski',
           metric_params=None, n_jobs=1, n_neighbors=100, p=2,
           weights='distance')","{'algorithm': 'auto', 'n_neighbors': 50, 'weights': 'distance'}",0.34575569358178054,1.0,0.19852941176470587,0.05217391304347826,0.09917355371900827,0.7692307692307693,0.20588235294117646,0.08695652173913043,0.15624999999999997,0.7407407407407407,0.25,0.17391304347826086,0.28169014084507044,0.825,0.34558823529411764,0.28695652173913044,0.42580645161290326,0.7794117647058824,0.4338235294117647,0.4608695652173913,0.5792349726775957
KNN,"KNeighborsClassifier(algorithm='kd_tree', leaf_size=30, metric='minkowski',
           metric_params=None, n_jobs=1, n_neighbors=100, p=2,
           weights='distance')","{'algorithm': 'auto', 'n_neighbors': 100, 'weights': 'uniform'}",0.3018633540372671,1.0,0.19852941176470587,0.05217391304347826,0.09917355371900827,0.7692307692307693,0.20588235294117646,0.08695652173913043,0.15624999999999997,0.7407407407407407,0.25,0.17391304347826086,0.28169014084507044,0.75,0.3014705882352941,0.2608695652173913,0.3870967741935483,0.7794117647058824,0.4338235294117647,0.4608695652173913,0.5792349726775957
KNN,"KNeighborsClassifier(algorithm='kd_tree', leaf_size=30, metric='minkowski',
           metric_params=None, n_jobs=1, n_neighbors=100, p=2,
           weights='distance')","{'algorithm': 'auto', 'n_neighbors': 100, 'weights': 'distance'}",0.32877846790890275,1.0,0.19852941176470587,0.05217391304347826,0.09917355371900827,0.9230769230769231,0.23529411764705882,0.10434782608695652,0.18749999999999997,0.7407407407407407,0.25,0.17391304347826086,0.28169014084507044,0.75,0.3014705882352941,0.2608695652173913,0.3870967741935483,0.7794117647058824,0.4338235294117647,0.4608695652173913,0.5792349726775957
KNN,"KNeighborsClassifier(algorithm='kd_tree', leaf_size=30, metric='minkowski',
           metric_params=None, n_jobs=1, n_neighbors=100, p=2,
           weights='distance')","{'algorithm': 'ball_tree', 'n_neighbors': 1, 'weights': 'uniform'}",0.4,1.0,0.19852941176470587,0.05217391304347826,0.09917355371900827,1.0,0.25,0.11304347826086956,0.203125,1.0,0.35294117647058826,0.23478260869565218,0.38028169014084506,1.0,0.4485294117647059,0.34782608695652173,0.5161290322580645,1.0,0.6544117647058824,0.591304347826087,0.7431693989071038
KNN,"KNeighborsClassifier(algorithm='kd_tree', leaf_size=30, metric='minkowski',
           metric_params=None, n_jobs=1, n_neighbors=100, p=2,
           weights='distance')","{'algorithm': 'ball_tree', 'n_neighbors': 1, 'weights': 'distance'}",0.4,1.0,0.19852941176470587,0.05217391304347826,0.09917355371900827,1.0,0.25,0.11304347826086956,0.203125,1.0,0.35294117647058826,0.23478260869565218,0.38028169014084506,1.0,0.4485294117647059,0.34782608695652173,0.5161290322580645,1.0,0.6544117647058824,0.591304347826087,0.7431693989071038
KNN,"KNeighborsClassifier(algorithm='kd_tree', leaf_size=30, metric='minkowski',
           metric_params=None, n_jobs=1, n_neighbors=100, p=2,
           weights='distance')","{'algorithm': 'ball_tree', 'n_neighbors': 5, 'weights': 'uniform'}",0.4165631469979297,1.0,0.19852941176470587,0.05217391304347826,0.09917355371900827,1.0,0.25,0.11304347826086956,0.203125,1.0,0.35294117647058826,0.23478260869565218,0.38028169014084506,0.85,0.3602941176470588,0.2956521739130435,0.43870967741935485,0.8676470588235294,0.5220588235294118,0.5130434782608696,0.644808743169399
KNN,"KNeighborsClassifier(algorithm='kd_tree', leaf_size=30, metric='minkowski',
           metric_params=None, n_jobs=1, n_neighbors=100, p=2,
           weights='distance')","{'algorithm': 'ball_tree', 'n_neighbors': 5, 'weights': 'distance'}",0.42298136645962736,1.0,0.19852941176470587,0.05217391304347826,0.09917355371900827,1.0,0.25,0.11304347826086956,0.203125,1.0,0.35294117647058826,0.23478260869565218,0.38028169014084506,0.95,0.41911764705882354,0.33043478260869563,0.4903225806451612,0.8088235294117647,0.4632352941176471,0.4782608695652174,0.6010928961748634
KNN,"KNeighborsClassifier(algorithm='kd_tree', leaf_size=30, metric='minkowski',
           metric_params=None, n_jobs=1, n_neighbors=100, p=2,
           weights='distance')","{'algorithm': 'ball_tree', 'n_neighbors': 10, 'weights': 'uniform'}",0.406832298136646,1.0,0.19852941176470587,0.05217391304347826,0.09917355371900827,0.7692307692307693,0.20588235294117646,0.08695652173913043,0.15624999999999997,0.8888888888888888,0.3088235294117647,0.20869565217391303,0.3380281690140845,0.775,0.3161764705882353,0.26956521739130435,0.39999999999999997,0.8676470588235294,0.5220588235294118,0.5130434782608696,0.644808743169399
KNN,"KNeighborsClassifier(algorithm='kd_tree', leaf_size=30, metric='minkowski',
           metric_params=None, n_jobs=1, n_neighbors=100, p=2,
           weights='distance')","{'algorithm': 'ball_tree', 'n_neighbors': 10, 'weights': 'distance'}",0.4238095238095238,1.0,0.19852941176470587,0.05217391304347826,0.09917355371900827,1.0,0.25,0.11304347826086956,0.203125,0.7407407407407407,0.25,0.17391304347826086,0.28169014084507044,0.8,0.33088235294117646,0.2782608695652174,0.4129032258064516,0.8382352941176471,0.49264705882352944,0.4956521739130435,0.6229508196721312
KNN,"KNeighborsClassifier(algorithm='kd_tree', leaf_size=30, metric='minkowski',
           metric_params=None, n_jobs=1, n_neighbors=100, p=2,
           weights='distance')","{'algorithm': 'ball_tree', 'n_neighbors': 25, 'weights': 'uniform'}",0.337888198757764,0.8333333333333334,0.18382352941176472,0.043478260869565216,0.08264462809917356,0.8461538461538461,0.22058823529411764,0.09565217391304348,0.171875,0.8518518518518519,0.29411764705882354,0.2,0.32394366197183105,0.75,0.3014705882352941,0.2608695652173913,0.3870967741935483,0.8088235294117647,0.4632352941176471,0.4782608695652174,0.6010928961748634
KNN,"KNeighborsClassifier(algorithm='kd_tree', leaf_size=30, metric='minkowski',
           metric_params=None, n_jobs=1, n_neighbors=100, p=2,
           weights='distance')","{'algorithm': 'ball_tree', 'n_neighbors': 25, 'weights': 'distance'}",0.3652173913043478,1.0,0.19852941176470587,0.05217391304347826,0.09917355371900827,0.8461538461538461,0.22058823529411764,0.09565217391304348,0.171875,0.7407407407407407,0.25,0.17391304347826086,0.28169014084507044,0.725,0.2867647058823529,0.25217391304347825,0.37419354838709673,0.7941176470588235,0.4485294117647059,0.46956521739130436,0.5901639344262295
KNN,"KNeighborsClassifier(algorithm='kd_tree', leaf_size=30, metric='minkowski',
           metric_params=None, n_jobs=1, n_neighbors=100, p=2,
           weights='distance')","{'algorithm': 'ball_tree', 'n_neighbors': 50, 'weights': 'uniform'}",0.3244306418219462,1.0,0.19852941176470587,0.05217391304347826,0.09917355371900827,0.8461538461538461,0.22058823529411764,0.09565217391304348,0.171875,0.7777777777777778,0.2647058823529412,0.1826086956521739,0.29577464788732394,0.775,0.3161764705882353,0.26956521739130435,0.39999999999999997,0.8088235294117647,0.4632352941176471,0.4782608695652174,0.6010928961748634
KNN,"KNeighborsClassifier(algorithm='kd_tree', leaf_size=30, metric='minkowski',
           metric_params=None, n_jobs=1, n_neighbors=100, p=2,
           weights='distance')","{'algorithm': 'ball_tree', 'n_neighbors': 50, 'weights': 'distance'}",0.3656314699792961,1.0,0.19852941176470587,0.05217391304347826,0.09917355371900827,0.8461538461538461,0.22058823529411764,0.09565217391304348,0.171875,0.7777777777777778,0.2647058823529412,0.1826086956521739,0.29577464788732394,0.8,0.33088235294117646,0.2782608695652174,0.4129032258064516,0.8088235294117647,0.4632352941176471,0.4782608695652174,0.6010928961748634
KNN,"KNeighborsClassifier(algorithm='kd_tree', leaf_size=30, metric='minkowski',
           metric_params=None, n_jobs=1, n_neighbors=100, p=2,
           weights='distance')","{'algorithm': 'ball_tree', 'n_neighbors': 100, 'weights': 'uniform'}",0.2962732919254658,1.0,0.19852941176470587,0.05217391304347826,0.09917355371900827,0.7692307692307693,0.20588235294117646,0.08695652173913043,0.15624999999999997,0.7407407407407407,0.25,0.17391304347826086,0.28169014084507044,0.775,0.3161764705882353,0.26956521739130435,0.39999999999999997,0.75,0.40441176470588236,0.4434782608695652,0.5573770491803277
KNN,"KNeighborsClassifier(algorithm='kd_tree', leaf_size=30, metric='minkowski',
           metric_params=None, n_jobs=1, n_neighbors=100, p=2,
           weights='distance')","{'algorithm': 'ball_tree', 'n_neighbors': 100, 'weights': 'distance'}",0.33002070393374744,1.0,0.19852941176470587,0.05217391304347826,0.09917355371900827,0.9230769230769231,0.23529411764705882,0.10434782608695652,0.18749999999999997,0.7407407407407407,0.25,0.17391304347826086,0.28169014084507044,0.775,0.3161764705882353,0.26956521739130435,0.39999999999999997,0.7794117647058824,0.4338235294117647,0.4608695652173913,0.5792349726775957
KNN,"KNeighborsClassifier(algorithm='kd_tree', leaf_size=30, metric='minkowski',
           metric_params=None, n_jobs=1, n_neighbors=100, p=2,
           weights='distance')","{'algorithm': 'kd_tree', 'n_neighbors': 1, 'weights': 'uniform'}",0.40869565217391307,1.0,0.19852941176470587,0.05217391304347826,0.09917355371900827,1.0,0.25,0.11304347826086956,0.203125,1.0,0.35294117647058826,0.23478260869565218,0.38028169014084506,1.0,0.4485294117647059,0.34782608695652173,0.5161290322580645,1.0,0.6544117647058824,0.591304347826087,0.7431693989071038
KNN,"KNeighborsClassifier(algorithm='kd_tree', leaf_size=30, metric='minkowski',
           metric_params=None, n_jobs=1, n_neighbors=100, p=2,
           weights='distance')","{'algorithm': 'kd_tree', 'n_neighbors': 1, 'weights': 'distance'}",0.40869565217391307,1.0,0.19852941176470587,0.05217391304347826,0.09917355371900827,1.0,0.25,0.11304347826086956,0.203125,1.0,0.35294117647058826,0.23478260869565218,0.38028169014084506,1.0,0.4485294117647059,0.34782608695652173,0.5161290322580645,1.0,0.6544117647058824,0.591304347826087,0.7431693989071038
KNN,"KNeighborsClassifier(algorithm='kd_tree', leaf_size=30, metric='minkowski',
           metric_params=None, n_jobs=1, n_neighbors=100, p=2,
           weights='distance')","{'algorithm': 'kd_tree', 'n_neighbors': 5, 'weights': 'uniform'}",0.37432712215320907,1.0,0.19852941176470587,0.05217391304347826,0.09917355371900827,1.0,0.25,0.11304347826086956,0.203125,1.0,0.35294117647058826,0.23478260869565218,0.38028169014084506,0.8,0.33088235294117646,0.2782608695652174,0.4129032258064516,0.8382352941176471,0.49264705882352944,0.4956521739130435,0.6229508196721312
KNN,"KNeighborsClassifier(algorithm='kd_tree', leaf_size=30, metric='minkowski',
           metric_params=None, n_jobs=1, n_neighbors=100, p=2,
           weights='distance')","{'algorithm': 'kd_tree', 'n_neighbors': 5, 'weights': 'distance'}",0.38281573498964805,1.0,0.19852941176470587,0.05217391304347826,0.09917355371900827,1.0,0.25,0.11304347826086956,0.203125,1.0,0.35294117647058826,0.23478260869565218,0.38028169014084506,0.9,0.3897058823529412,0.3130434782608696,0.4645161290322581,0.8235294117647058,0.47794117647058826,0.48695652173913045,0.6120218579234973
KNN,"KNeighborsClassifier(algorithm='kd_tree', leaf_size=30, metric='minkowski',
           metric_params=None, n_jobs=1, n_neighbors=100, p=2,
           weights='distance')","{'algorithm': 'kd_tree', 'n_neighbors': 10, 'weights': 'uniform'}",0.3283643892339545,1.0,0.19852941176470587,0.05217391304347826,0.09917355371900827,0.6923076923076923,0.19117647058823528,0.0782608695652174,0.140625,0.8148148148148148,0.27941176470588236,0.19130434782608696,0.3098591549295775,0.75,0.3014705882352941,0.2608695652173913,0.3870967741935483,0.8529411764705882,0.5073529411764706,0.5043478260869565,0.6338797814207651
KNN,"KNeighborsClassifier(algorithm='kd_tree', leaf_size=30, metric='minkowski',
           metric_params=None, n_jobs=1, n_neighbors=100, p=2,
           weights='distance')","{'algorithm': 'kd_tree', 'n_neighbors': 10, 'weights': 'distance'}",0.3505175983436853,1.0,0.19852941176470587,0.05217391304347826,0.09917355371900827,1.0,0.25,0.11304347826086956,0.203125,0.7777777777777778,0.2647058823529412,0.1826086956521739,0.29577464788732394,0.75,0.3014705882352941,0.2608695652173913,0.3870967741935483,0.7794117647058824,0.4338235294117647,0.4608695652173913,0.5792349726775957
KNN,"KNeighborsClassifier(algorithm='kd_tree', leaf_size=30, metric='minkowski',
           metric_params=None, n_jobs=1, n_neighbors=100, p=2,
           weights='distance')","{'algorithm': 'kd_tree', 'n_neighbors': 25, 'weights': 'uniform'}",0.35362318840579704,1.0,0.19852941176470587,0.05217391304347826,0.09917355371900827,0.8461538461538461,0.22058823529411764,0.09565217391304348,0.171875,0.8888888888888888,0.3088235294117647,0.20869565217391303,0.3380281690140845,0.725,0.2867647058823529,0.25217391304347825,0.37419354838709673,0.8235294117647058,0.47794117647058826,0.48695652173913045,0.6120218579234973
KNN,"KNeighborsClassifier(algorithm='kd_tree', leaf_size=30, metric='minkowski',
           metric_params=None, n_jobs=1, n_neighbors=100, p=2,
           weights='distance')","{'algorithm': 'kd_tree', 'n_neighbors': 25, 'weights': 'distance'}",0.38198757763975155,1.0,0.19852941176470587,0.05217391304347826,0.09917355371900827,0.9230769230769231,0.23529411764705882,0.10434782608695652,0.18749999999999997,0.7407407407407407,0.25,0.17391304347826086,0.28169014084507044,0.725,0.2867647058823529,0.25217391304347825,0.37419354838709673,0.8235294117647058,0.47794117647058826,0.48695652173913045,0.6120218579234973
KNN,"KNeighborsClassifier(algorithm='kd_tree', leaf_size=30, metric='minkowski',
           metric_params=None, n_jobs=1, n_neighbors=100, p=2,
           weights='distance')","{'algorithm': 'kd_tree', 'n_neighbors': 50, 'weights': 'uniform'}",0.3109730848861284,0.8333333333333334,0.18382352941176472,0.043478260869565216,0.08264462809917356,0.6923076923076923,0.19117647058823528,0.0782608695652174,0.140625,0.7777777777777778,0.2647058823529412,0.1826086956521739,0.29577464788732394,0.8,0.33088235294117646,0.2782608695652174,0.4129032258064516,0.7794117647058824,0.4338235294117647,0.4608695652173913,0.5792349726775957
KNN,"KNeighborsClassifier(algorithm='kd_tree', leaf_size=30, metric='minkowski',
           metric_params=None, n_jobs=1, n_neighbors=100, p=2,
           weights='distance')","{'algorithm': 'kd_tree', 'n_neighbors': 50, 'weights': 'distance'}",0.34575569358178054,1.0,0.19852941176470587,0.05217391304347826,0.09917355371900827,0.7692307692307693,0.20588235294117646,0.08695652173913043,0.15624999999999997,0.7407407407407407,0.25,0.17391304347826086,0.28169014084507044,0.825,0.34558823529411764,0.28695652173913044,0.42580645161290326,0.7794117647058824,0.4338235294117647,0.4608695652173913,0.5792349726775957
KNN,"KNeighborsClassifier(algorithm='kd_tree', leaf_size=30, metric='minkowski',
           metric_params=None, n_jobs=1, n_neighbors=100, p=2,
           weights='distance')","{'algorithm': 'kd_tree', 'n_neighbors': 100, 'weights': 'uniform'}",0.3018633540372671,1.0,0.19852941176470587,0.05217391304347826,0.09917355371900827,0.7692307692307693,0.20588235294117646,0.08695652173913043,0.15624999999999997,0.7407407407407407,0.25,0.17391304347826086,0.28169014084507044,0.75,0.3014705882352941,0.2608695652173913,0.3870967741935483,0.7794117647058824,0.4338235294117647,0.4608695652173913,0.5792349726775957
KNN,"KNeighborsClassifier(algorithm='kd_tree', leaf_size=30, metric='minkowski',
           metric_params=None, n_jobs=1, n_neighbors=100, p=2,
           weights='distance')","{'algorithm': 'kd_tree', 'n_neighbors': 100, 'weights': 'distance'}",0.32877846790890275,1.0,0.19852941176470587,0.05217391304347826,0.09917355371900827,0.9230769230769231,0.23529411764705882,0.10434782608695652,0.18749999999999997,0.7407407407407407,0.25,0.17391304347826086,0.28169014084507044,0.75,0.3014705882352941,0.2608695652173913,0.3870967741935483,0.7794117647058824,0.4338235294117647,0.4608695652173913,0.5792349726775957
NB,GaussianNB(priors=None),{},0.3132505175983437,1.0,0.19852941176470587,0.05217391304347826,0.09917355371900827,0.8461538461538461,0.22058823529411764,0.09565217391304348,0.171875,0.7037037037037037,0.23529411764705882,0.16521739130434782,0.26760563380281693,0.75,0.3014705882352941,0.2608695652173913,0.3870967741935483,0.75,0.40441176470588236,0.4434782608695652,0.5573770491803277
ET,"ExtraTreesClassifier(bootstrap=False, class_weight=None, criterion='entropy',
           max_depth=50, max_features='log2', max_leaf_nodes=None,
           min_impurity_decrease=0.0, min_impurity_split=None,
           min_samples_leaf=1, min_samples_split=10,
           min_weight_fraction_leaf=0.0, n_estimators=100, n_jobs=-1,
           oob_score=False, random_state=None, verbose=0, warm_start=False)","{'criterion': 'gini', 'max_depth': 5, 'max_features': 'sqrt', 'min_samples_split': 2, 'n_estimators': 10, 'n_jobs': -1}",0.3142857142857143,0.6666666666666666,0.16911764705882354,0.034782608695652174,0.06611570247933884,0.6923076923076923,0.19117647058823528,0.0782608695652174,0.140625,0.7407407407407407,0.25,0.17391304347826086,0.28169014084507044,0.7,0.27205882352941174,0.24347826086956523,0.3612903225806452,0.7794117647058824,0.4338235294117647,0.4608695652173913,0.5792349726775957
ET,"ExtraTreesClassifier(bootstrap=False, class_weight=None, criterion='entropy',
           max_depth=50, max_features='log2', max_leaf_nodes=None,
           min_impurity_decrease=0.0, min_impurity_split=None,
           min_samples_leaf=1, min_samples_split=10,
           min_weight_fraction_leaf=0.0, n_estimators=100, n_jobs=-1,
           oob_score=False, random_state=None, verbose=0, warm_start=False)","{'criterion': 'gini', 'max_depth': 5, 'max_features': 'sqrt', 'min_samples_split': 2, 'n_estimators': 100, 'n_jobs': -1}",0.2836438923395445,0.6666666666666666,0.16911764705882354,0.034782608695652174,0.06611570247933884,0.6923076923076923,0.19117647058823528,0.0782608695652174,0.140625,0.7407407407407407,0.25,0.17391304347826086,0.28169014084507044,0.725,0.2867647058823529,0.25217391304347825,0.37419354838709673,0.75,0.40441176470588236,0.4434782608695652,0.5573770491803277
ET,"ExtraTreesClassifier(bootstrap=False, class_weight=None, criterion='entropy',
           max_depth=50, max_features='log2', max_leaf_nodes=None,
           min_impurity_decrease=0.0, min_impurity_split=None,
           min_samples_leaf=1, min_samples_split=10,
           min_weight_fraction_leaf=0.0, n_estimators=100, n_jobs=-1,
           oob_score=False, random_state=None, verbose=0, warm_start=False)","{'criterion': 'gini', 'max_depth': 5, 'max_features': 'sqrt', 'min_samples_split': 10, 'n_estimators': 10, 'n_jobs': -1}",0.20165631469979298,0.6666666666666666,0.16911764705882354,0.034782608695652174,0.06611570247933884,0.6153846153846154,0.17647058823529413,0.06956521739130435,0.125,0.6666666666666666,0.22058823529411764,0.1565217391304348,0.25352112676056343,0.675,0.25735294117647056,0.23478260869565218,0.3483870967741936,0.7058823529411765,0.3602941176470588,0.41739130434782606,0.5245901639344263
ET,"ExtraTreesClassifier(bootstrap=False, class_weight=None, criterion='entropy',
           max_depth=50, max_features='log2', max_leaf_nodes=None,
           min_impurity_decrease=0.0, min_impurity_split=None,
           min_samples_leaf=1, min_samples_split=10,
           min_weight_fraction_leaf=0.0, n_estimators=100, n_jobs=-1,
           oob_score=False, random_state=None, verbose=0, warm_start=False)","{'criterion': 'gini', 'max_depth': 5, 'max_features': 'sqrt', 'min_samples_split': 10, 'n_estimators': 100, 'n_jobs': -1}",0.26873706004140785,0.6666666666666666,0.16911764705882354,0.034782608695652174,0.06611570247933884,0.6923076923076923,0.19117647058823528,0.0782608695652174,0.140625,0.7037037037037037,0.23529411764705882,0.16521739130434782,0.26760563380281693,0.725,0.2867647058823529,0.25217391304347825,0.37419354838709673,0.75,0.40441176470588236,0.4434782608695652,0.5573770491803277
ET,"ExtraTreesClassifier(bootstrap=False, class_weight=None, criterion='entropy',
           max_depth=50, max_features='log2', max_leaf_nodes=None,
           min_impurity_decrease=0.0, min_impurity_split=None,
           min_samples_leaf=1, min_samples_split=10,
           min_weight_fraction_leaf=0.0, n_estimators=100, n_jobs=-1,
           oob_score=False, random_state=None, verbose=0, warm_start=False)","{'criterion': 'gini', 'max_depth': 5, 'max_features': 'log2', 'min_samples_split': 2, 'n_estimators': 10, 'n_jobs': -1}",0.28861283643892344,0.8333333333333334,0.18382352941176472,0.043478260869565216,0.08264462809917356,0.6923076923076923,0.19117647058823528,0.0782608695652174,0.140625,0.6296296296296297,0.20588235294117646,0.14782608695652175,0.23943661971830987,0.725,0.2867647058823529,0.25217391304347825,0.37419354838709673,0.7647058823529411,0.41911764705882354,0.45217391304347826,0.5683060109289617
ET,"ExtraTreesClassifier(bootstrap=False, class_weight=None, criterion='entropy',
           max_depth=50, max_features='log2', max_leaf_nodes=None,
           min_impurity_decrease=0.0, min_impurity_split=None,
           min_samples_leaf=1, min_samples_split=10,
           min_weight_fraction_leaf=0.0, n_estimators=100, n_jobs=-1,
           oob_score=False, random_state=None, verbose=0, warm_start=False)","{'criterion': 'gini', 'max_depth': 5, 'max_features': 'log2', 'min_samples_split': 2, 'n_estimators': 100, 'n_jobs': -1}",0.24554865424430644,0.5,0.15441176470588236,0.02608695652173913,0.049586776859504134,0.6153846153846154,0.17647058823529413,0.06956521739130435,0.125,0.6296296296296297,0.20588235294117646,0.14782608695652175,0.23943661971830987,0.725,0.2867647058823529,0.25217391304347825,0.37419354838709673,0.7205882352941176,0.375,0.4260869565217391,0.5355191256830601
ET,"ExtraTreesClassifier(bootstrap=False, class_weight=None, criterion='entropy',
           max_depth=50, max_features='log2', max_leaf_nodes=None,
           min_impurity_decrease=0.0, min_impurity_split=None,
           min_samples_leaf=1, min_samples_split=10,
           min_weight_fraction_leaf=0.0, n_estimators=100, n_jobs=-1,
           oob_score=False, random_state=None, verbose=0, warm_start=False)","{'criterion': 'gini', 'max_depth': 5, 'max_features': 'log2', 'min_samples_split': 10, 'n_estimators': 10, 'n_jobs': -1}",0.3855072463768116,1.0,0.19852941176470587,0.05217391304347826,0.09917355371900827,0.7692307692307693,0.20588235294117646,0.08695652173913043,0.15624999999999997,0.7777777777777778,0.2647058823529412,0.1826086956521739,0.29577464788732394,0.775,0.3161764705882353,0.26956521739130435,0.39999999999999997,0.7941176470588235,0.4485294117647059,0.46956521739130436,0.5901639344262295
ET,"ExtraTreesClassifier(bootstrap=False, class_weight=None, criterion='entropy',
           max_depth=50, max_features='log2', max_leaf_nodes=None,
           min_impurity_decrease=0.0, min_impurity_split=None,
           min_samples_leaf=1, min_samples_split=10,
           min_weight_fraction_leaf=0.0, n_estimators=100, n_jobs=-1,
           oob_score=False, random_state=None, verbose=0, warm_start=False)","{'criterion': 'gini', 'max_depth': 5, 'max_features': 'log2', 'min_samples_split': 10, 'n_estimators': 100, 'n_jobs': -1}",0.21118012422360252,0.6666666666666666,0.16911764705882354,0.034782608695652174,0.06611570247933884,0.5384615384615384,0.16176470588235295,0.06086956521739131,0.109375,0.5555555555555556,0.17647058823529413,0.13043478260869565,0.2112676056338028,0.65,0.2426470588235294,0.22608695652173913,0.3354838709677419,0.7352941176470589,0.3897058823529412,0.43478260869565216,0.546448087431694
ET,"ExtraTreesClassifier(bootstrap=False, class_weight=None, criterion='entropy',
           max_depth=50, max_features='log2', max_leaf_nodes=None,
           min_impurity_decrease=0.0, min_impurity_split=None,
           min_samples_leaf=1, min_samples_split=10,
           min_weight_fraction_leaf=0.0, n_estimators=100, n_jobs=-1,
           oob_score=False, random_state=None, verbose=0, warm_start=False)","{'criterion': 'gini', 'max_depth': 50, 'max_features': 'sqrt', 'min_samples_split': 2, 'n_estimators': 10, 'n_jobs': -1}",0.45527950310559007,1.0,0.19852941176470587,0.05217391304347826,0.09917355371900827,1.0,0.25,0.11304347826086956,0.203125,0.9629629629629629,0.3382352941176471,0.22608695652173913,0.36619718309859156,0.9,0.3897058823529412,0.3130434782608696,0.4645161290322581,0.8529411764705882,0.5073529411764706,0.5043478260869565,0.6338797814207651
ET,"ExtraTreesClassifier(bootstrap=False, class_weight=None, criterion='entropy',
           max_depth=50, max_features='log2', max_leaf_nodes=None,
           min_impurity_decrease=0.0, min_impurity_split=None,
           min_samples_leaf=1, min_samples_split=10,
           min_weight_fraction_leaf=0.0, n_estimators=100, n_jobs=-1,
           oob_score=False, random_state=None, verbose=0, warm_start=False)","{'criterion': 'gini', 'max_depth': 50, 'max_features': 'sqrt', 'min_samples_split': 2, 'n_estimators': 100, 'n_jobs': -1}",0.3592132505175984,1.0,0.19852941176470587,0.05217391304347826,0.09917355371900827,0.7692307692307693,0.20588235294117646,0.08695652173913043,0.15624999999999997,0.7407407407407407,0.25,0.17391304347826086,0.28169014084507044,0.775,0.3161764705882353,0.26956521739130435,0.39999999999999997,0.7941176470588235,0.4485294117647059,0.46956521739130436,0.5901639344262295
ET,"ExtraTreesClassifier(bootstrap=False, class_weight=None, criterion='entropy',
           max_depth=50, max_features='log2', max_leaf_nodes=None,
           min_impurity_decrease=0.0, min_impurity_split=None,
           min_samples_leaf=1, min_samples_split=10,
           min_weight_fraction_leaf=0.0, n_estimators=100, n_jobs=-1,
           oob_score=False, random_state=None, verbose=0, warm_start=False)","{'criterion': 'gini', 'max_depth': 50, 'max_features': 'sqrt', 'min_samples_split': 10, 'n_estimators': 10, 'n_jobs': -1}",0.4124223602484472,0.5,0.15441176470588236,0.02608695652173913,0.049586776859504134,0.6153846153846154,0.17647058823529413,0.06956521739130435,0.125,0.7407407407407407,0.25,0.17391304347826086,0.28169014084507044,0.8,0.33088235294117646,0.2782608695652174,0.4129032258064516,0.8235294117647058,0.47794117647058826,0.48695652173913045,0.6120218579234973
ET,"ExtraTreesClassifier(bootstrap=False, class_weight=None, criterion='entropy',
           max_depth=50, max_features='log2', max_leaf_nodes=None,
           min_impurity_decrease=0.0, min_impurity_split=None,
           min_samples_leaf=1, min_samples_split=10,
           min_weight_fraction_leaf=0.0, n_estimators=100, n_jobs=-1,
           oob_score=False, random_state=None, verbose=0, warm_start=False)","{'criterion': 'gini', 'max_depth': 50, 'max_features': 'sqrt', 'min_samples_split': 10, 'n_estimators': 100, 'n_jobs': -1}",0.33043478260869563,0.3333333333333333,0.13970588235294118,0.017391304347826087,0.03305785123966942,0.6153846153846154,0.17647058823529413,0.06956521739130435,0.125,0.7407407407407407,0.25,0.17391304347826086,0.28169014084507044,0.75,0.3014705882352941,0.2608695652173913,0.3870967741935483,0.7941176470588235,0.4485294117647059,0.46956521739130436,0.5901639344262295
ET,"ExtraTreesClassifier(bootstrap=False, class_weight=None, criterion='entropy',
           max_depth=50, max_features='log2', max_leaf_nodes=None,
           min_impurity_decrease=0.0, min_impurity_split=None,
           min_samples_leaf=1, min_samples_split=10,
           min_weight_fraction_leaf=0.0, n_estimators=100, n_jobs=-1,
           oob_score=False, random_state=None, verbose=0, warm_start=False)","{'criterion': 'gini', 'max_depth': 50, 'max_features': 'log2', 'min_samples_split': 2, 'n_estimators': 10, 'n_jobs': -1}",0.31118012422360253,1.0,0.19852941176470587,0.05217391304347826,0.09917355371900827,1.0,0.25,0.11304347826086956,0.203125,0.8148148148148148,0.27941176470588236,0.19130434782608696,0.3098591549295775,0.8,0.33088235294117646,0.2782608695652174,0.4129032258064516,0.7941176470588235,0.4485294117647059,0.46956521739130436,0.5901639344262295
ET,"ExtraTreesClassifier(bootstrap=False, class_weight=None, criterion='entropy',
           max_depth=50, max_features='log2', max_leaf_nodes=None,
           min_impurity_decrease=0.0, min_impurity_split=None,
           min_samples_leaf=1, min_samples_split=10,
           min_weight_fraction_leaf=0.0, n_estimators=100, n_jobs=-1,
           oob_score=False, random_state=None, verbose=0, warm_start=False)","{'criterion': 'gini', 'max_depth': 50, 'max_features': 'log2', 'min_samples_split': 2, 'n_estimators': 100, 'n_jobs': -1}",0.375776397515528,1.0,0.19852941176470587,0.05217391304347826,0.09917355371900827,0.8461538461538461,0.22058823529411764,0.09565217391304348,0.171875,0.7037037037037037,0.23529411764705882,0.16521739130434782,0.26760563380281693,0.75,0.3014705882352941,0.2608695652173913,0.3870967741935483,0.8235294117647058,0.47794117647058826,0.48695652173913045,0.6120218579234973
ET,"ExtraTreesClassifier(bootstrap=False, class_weight=None, criterion='entropy',
           max_depth=50, max_features='log2', max_leaf_nodes=None,
           min_impurity_decrease=0.0, min_impurity_split=None,
           min_samples_leaf=1, min_samples_split=10,
           min_weight_fraction_leaf=0.0, n_estimators=100, n_jobs=-1,
           oob_score=False, random_state=None, verbose=0, warm_start=False)","{'criterion': 'gini', 'max_depth': 50, 'max_features': 'log2', 'min_samples_split': 10, 'n_estimators': 10, 'n_jobs': -1}",0.30289855072463767,0.3333333333333333,0.13970588235294118,0.017391304347826087,0.03305785123966942,0.46153846153846156,0.14705882352941177,0.05217391304347826,0.09374999999999999,0.6666666666666666,0.22058823529411764,0.1565217391304348,0.25352112676056343,0.75,0.3014705882352941,0.2608695652173913,0.3870967741935483,0.7794117647058824,0.4338235294117647,0.4608695652173913,0.5792349726775957
ET,"ExtraTreesClassifier(bootstrap=False, class_weight=None, criterion='entropy',
           max_depth=50, max_features='log2', max_leaf_nodes=None,
           min_impurity_decrease=0.0, min_impurity_split=None,
           min_samples_leaf=1, min_samples_split=10,
           min_weight_fraction_leaf=0.0, n_estimators=100, n_jobs=-1,
           oob_score=False, random_state=None, verbose=0, warm_start=False)","{'criterion': 'gini', 'max_depth': 50, 'max_features': 'log2', 'min_samples_split': 10, 'n_estimators': 100, 'n_jobs': -1}",0.36273291925465845,0.5,0.15441176470588236,0.02608695652173913,0.049586776859504134,0.5384615384615384,0.16176470588235295,0.06086956521739131,0.109375,0.7407407407407407,0.25,0.17391304347826086,0.28169014084507044,0.75,0.3014705882352941,0.2608695652173913,0.3870967741935483,0.8382352941176471,0.49264705882352944,0.4956521739130435,0.6229508196721312
ET,"ExtraTreesClassifier(bootstrap=False, class_weight=None, criterion='entropy',
           max_depth=50, max_features='log2', max_leaf_nodes=None,
           min_impurity_decrease=0.0, min_impurity_split=None,
           min_samples_leaf=1, min_samples_split=10,
           min_weight_fraction_leaf=0.0, n_estimators=100, n_jobs=-1,
           oob_score=False, random_state=None, verbose=0, warm_start=False)","{'criterion': 'entropy', 'max_depth': 5, 'max_features': 'sqrt', 'min_samples_split': 2, 'n_estimators': 10, 'n_jobs': -1}",0.25921325051759836,0.5,0.15441176470588236,0.02608695652173913,0.049586776859504134,0.6153846153846154,0.17647058823529413,0.06956521739130435,0.125,0.6666666666666666,0.22058823529411764,0.1565217391304348,0.25352112676056343,0.675,0.25735294117647056,0.23478260869565218,0.3483870967741936,0.7647058823529411,0.41911764705882354,0.45217391304347826,0.5683060109289617
ET,"ExtraTreesClassifier(bootstrap=False, class_weight=None, criterion='entropy',
           max_depth=50, max_features='log2', max_leaf_nodes=None,
           min_impurity_decrease=0.0, min_impurity_split=None,
           min_samples_leaf=1, min_samples_split=10,
           min_weight_fraction_leaf=0.0, n_estimators=100, n_jobs=-1,
           oob_score=False, random_state=None, verbose=0, warm_start=False)","{'criterion': 'entropy', 'max_depth': 5, 'max_features': 'sqrt', 'min_samples_split': 2, 'n_estimators': 100, 'n_jobs': -1}",0.286128364389234,0.5,0.15441176470588236,0.02608695652173913,0.049586776859504134,0.6153846153846154,0.17647058823529413,0.06956521739130435,0.125,0.7407407407407407,0.25,0.17391304347826086,0.28169014084507044,0.725,0.2867647058823529,0.25217391304347825,0.37419354838709673,0.7794117647058824,0.4338235294117647,0.4608695652173913,0.5792349726775957
ET,"ExtraTreesClassifier(bootstrap=False, class_weight=None, criterion='entropy',
           max_depth=50, max_features='log2', max_leaf_nodes=None,
           min_impurity_decrease=0.0, min_impurity_split=None,
           min_samples_leaf=1, min_samples_split=10,
           min_weight_fraction_leaf=0.0, n_estimators=100, n_jobs=-1,
           oob_score=False, random_state=None, verbose=0, warm_start=False)","{'criterion': 'entropy', 'max_depth': 5, 'max_features': 'sqrt', 'min_samples_split': 10, 'n_estimators': 10, 'n_jobs': -1}",0.1915113871635611,0.6666666666666666,0.16911764705882354,0.034782608695652174,0.06611570247933884,0.6923076923076923,0.19117647058823528,0.0782608695652174,0.140625,0.6296296296296297,0.20588235294117646,0.14782608695652175,0.23943661971830987,0.675,0.25735294117647056,0.23478260869565218,0.3483870967741936,0.7058823529411765,0.3602941176470588,0.41739130434782606,0.5245901639344263
ET,"ExtraTreesClassifier(bootstrap=False, class_weight=None, criterion='entropy',
           max_depth=50, max_features='log2', max_leaf_nodes=None,
           min_impurity_decrease=0.0, min_impurity_split=None,
           min_samples_leaf=1, min_samples_split=10,
           min_weight_fraction_leaf=0.0, n_estimators=100, n_jobs=-1,
           oob_score=False, random_state=None, verbose=0, warm_start=False)","{'criterion': 'entropy', 'max_depth': 5, 'max_features': 'sqrt', 'min_samples_split': 10, 'n_estimators': 100, 'n_jobs': -1}",0.26231884057971017,0.5,0.15441176470588236,0.02608695652173913,0.049586776859504134,0.5384615384615384,0.16176470588235295,0.06086956521739131,0.109375,0.6666666666666666,0.22058823529411764,0.1565217391304348,0.25352112676056343,0.725,0.2867647058823529,0.25217391304347825,0.37419354838709673,0.7647058823529411,0.41911764705882354,0.45217391304347826,0.5683060109289617
ET,"ExtraTreesClassifier(bootstrap=False, class_weight=None, criterion='entropy',
           max_depth=50, max_features='log2', max_leaf_nodes=None,
           min_impurity_decrease=0.0, min_impurity_split=None,
           min_samples_leaf=1, min_samples_split=10,
           min_weight_fraction_leaf=0.0, n_estimators=100, n_jobs=-1,
           oob_score=False, random_state=None, verbose=0, warm_start=False)","{'criterion': 'entropy', 'max_depth': 5, 'max_features': 'log2', 'min_samples_split': 2, 'n_estimators': 10, 'n_jobs': -1}",0.39420289855072466,1.0,0.19852941176470587,0.05217391304347826,0.09917355371900827,0.9230769230769231,0.23529411764705882,0.10434782608695652,0.18749999999999997,0.9629629629629629,0.3382352941176471,0.22608695652173913,0.36619718309859156,0.875,0.375,0.30434782608695654,0.4516129032258065,0.7941176470588235,0.4485294117647059,0.46956521739130436,0.5901639344262295
ET,"ExtraTreesClassifier(bootstrap=False, class_weight=None, criterion='entropy',
           max_depth=50, max_features='log2', max_leaf_nodes=None,
           min_impurity_decrease=0.0, min_impurity_split=None,
           min_samples_leaf=1, min_samples_split=10,
           min_weight_fraction_leaf=0.0, n_estimators=100, n_jobs=-1,
           oob_score=False, random_state=None, verbose=0, warm_start=False)","{'criterion': 'entropy', 'max_depth': 5, 'max_features': 'log2', 'min_samples_split': 2, 'n_estimators': 100, 'n_jobs': -1}",0.23561076604554865,0.5,0.15441176470588236,0.02608695652173913,0.049586776859504134,0.6153846153846154,0.17647058823529413,0.06956521739130435,0.125,0.6666666666666666,0.22058823529411764,0.1565217391304348,0.25352112676056343,0.725,0.2867647058823529,0.25217391304347825,0.37419354838709673,0.7352941176470589,0.3897058823529412,0.43478260869565216,0.546448087431694
ET,"ExtraTreesClassifier(bootstrap=False, class_weight=None, criterion='entropy',
           max_depth=50, max_features='log2', max_leaf_nodes=None,
           min_impurity_decrease=0.0, min_impurity_split=None,
           min_samples_leaf=1, min_samples_split=10,
           min_weight_fraction_leaf=0.0, n_estimators=100, n_jobs=-1,
           oob_score=False, random_state=None, verbose=0, warm_start=False)","{'criterion': 'entropy', 'max_depth': 5, 'max_features': 'log2', 'min_samples_split': 10, 'n_estimators': 10, 'n_jobs': -1}",0.2850931677018634,0.5,0.15441176470588236,0.02608695652173913,0.049586776859504134,0.7692307692307693,0.20588235294117646,0.08695652173913043,0.15624999999999997,0.7037037037037037,0.23529411764705882,0.16521739130434782,0.26760563380281693,0.775,0.3161764705882353,0.26956521739130435,0.39999999999999997,0.7205882352941176,0.375,0.4260869565217391,0.5355191256830601
ET,"ExtraTreesClassifier(bootstrap=False, class_weight=None, criterion='entropy',
           max_depth=50, max_features='log2', max_leaf_nodes=None,
           min_impurity_decrease=0.0, min_impurity_split=None,
           min_samples_leaf=1, min_samples_split=10,
           min_weight_fraction_leaf=0.0, n_estimators=100, n_jobs=-1,
           oob_score=False, random_state=None, verbose=0, warm_start=False)","{'criterion': 'entropy', 'max_depth': 5, 'max_features': 'log2', 'min_samples_split': 10, 'n_estimators': 100, 'n_jobs': -1}",0.27743271221532095,0.5,0.15441176470588236,0.02608695652173913,0.049586776859504134,0.46153846153846156,0.14705882352941177,0.05217391304347826,0.09374999999999999,0.7407407407407407,0.25,0.17391304347826086,0.28169014084507044,0.725,0.2867647058823529,0.25217391304347825,0.37419354838709673,0.7794117647058824,0.4338235294117647,0.4608695652173913,0.5792349726775957
ET,"ExtraTreesClassifier(bootstrap=False, class_weight=None, criterion='entropy',
           max_depth=50, max_features='log2', max_leaf_nodes=None,
           min_impurity_decrease=0.0, min_impurity_split=None,
           min_samples_leaf=1, min_samples_split=10,
           min_weight_fraction_leaf=0.0, n_estimators=100, n_jobs=-1,
           oob_score=False, random_state=None, verbose=0, warm_start=False)","{'criterion': 'entropy', 'max_depth': 50, 'max_features': 'sqrt', 'min_samples_split': 2, 'n_estimators': 10, 'n_jobs': -1}",0.3842650103519668,1.0,0.19852941176470587,0.05217391304347826,0.09917355371900827,1.0,0.25,0.11304347826086956,0.203125,1.0,0.35294117647058826,0.23478260869565218,0.38028169014084506,0.85,0.3602941176470588,0.2956521739130435,0.43870967741935485,0.7794117647058824,0.4338235294117647,0.4608695652173913,0.5792349726775957
ET,"ExtraTreesClassifier(bootstrap=False, class_weight=None, criterion='entropy',
           max_depth=50, max_features='log2', max_leaf_nodes=None,
           min_impurity_decrease=0.0, min_impurity_split=None,
           min_samples_leaf=1, min_samples_split=10,
           min_weight_fraction_leaf=0.0, n_estimators=100, n_jobs=-1,
           oob_score=False, random_state=None, verbose=0, warm_start=False)","{'criterion': 'entropy', 'max_depth': 50, 'max_features': 'sqrt', 'min_samples_split': 2, 'n_estimators': 100, 'n_jobs': -1}",0.37515527950310557,0.8333333333333334,0.18382352941176472,0.043478260869565216,0.08264462809917356,0.8461538461538461,0.22058823529411764,0.09565217391304348,0.171875,0.8148148148148148,0.27941176470588236,0.19130434782608696,0.3098591549295775,0.75,0.3014705882352941,0.2608695652173913,0.3870967741935483,0.8088235294117647,0.4632352941176471,0.4782608695652174,0.6010928961748634
ET,"ExtraTreesClassifier(bootstrap=False, class_weight=None, criterion='entropy',
           max_depth=50, max_features='log2', max_leaf_nodes=None,
           min_impurity_decrease=0.0, min_impurity_split=None,
           min_samples_leaf=1, min_samples_split=10,
           min_weight_fraction_leaf=0.0, n_estimators=100, n_jobs=-1,
           oob_score=False, random_state=None, verbose=0, warm_start=False)","{'criterion': 'entropy', 'max_depth': 50, 'max_features': 'sqrt', 'min_samples_split': 10, 'n_estimators': 10, 'n_jobs': -1}",0.33561076604554874,0.3333333333333333,0.13970588235294118,0.017391304347826087,0.03305785123966942,0.5384615384615384,0.16176470588235295,0.06086956521739131,0.109375,0.6666666666666666,0.22058823529411764,0.1565217391304348,0.25352112676056343,0.75,0.3014705882352941,0.2608695652173913,0.3870967741935483,0.7941176470588235,0.4485294117647059,0.46956521739130436,0.5901639344262295
ET,"ExtraTreesClassifier(bootstrap=False, class_weight=None, criterion='entropy',
           max_depth=50, max_features='log2', max_leaf_nodes=None,
           min_impurity_decrease=0.0, min_impurity_split=None,
           min_samples_leaf=1, min_samples_split=10,
           min_weight_fraction_leaf=0.0, n_estimators=100, n_jobs=-1,
           oob_score=False, random_state=None, verbose=0, warm_start=False)","{'criterion': 'entropy', 'max_depth': 50, 'max_features': 'sqrt', 'min_samples_split': 10, 'n_estimators': 100, 'n_jobs': -1}",0.3432712215320911,0.5,0.15441176470588236,0.02608695652173913,0.049586776859504134,0.5384615384615384,0.16176470588235295,0.06086956521739131,0.109375,0.7407407407407407,0.25,0.17391304347826086,0.28169014084507044,0.725,0.2867647058823529,0.25217391304347825,0.37419354838709673,0.8088235294117647,0.4632352941176471,0.4782608695652174,0.6010928961748634
ET,"ExtraTreesClassifier(bootstrap=False, class_weight=None, criterion='entropy',
           max_depth=50, max_features='log2', max_leaf_nodes=None,
           min_impurity_decrease=0.0, min_impurity_split=None,
           min_samples_leaf=1, min_samples_split=10,
           min_weight_fraction_leaf=0.0, n_estimators=100, n_jobs=-1,
           oob_score=False, random_state=None, verbose=0, warm_start=False)","{'criterion': 'entropy', 'max_depth': 50, 'max_features': 'log2', 'min_samples_split': 2, 'n_estimators': 10, 'n_jobs': -1}",0.4157349896480331,1.0,0.19852941176470587,0.05217391304347826,0.09917355371900827,1.0,0.25,0.11304347826086956,0.203125,0.9259259259259259,0.3235294117647059,0.21739130434782608,0.35211267605633806,0.75,0.3014705882352941,0.2608695652173913,0.3870967741935483,0.8529411764705882,0.5073529411764706,0.5043478260869565,0.6338797814207651
ET,"ExtraTreesClassifier(bootstrap=False, class_weight=None, criterion='entropy',
           max_depth=50, max_features='log2', max_leaf_nodes=None,
           min_impurity_decrease=0.0, min_impurity_split=None,
           min_samples_leaf=1, min_samples_split=10,
           min_weight_fraction_leaf=0.0, n_estimators=100, n_jobs=-1,
           oob_score=False, random_state=None, verbose=0, warm_start=False)","{'criterion': 'entropy', 'max_depth': 50, 'max_features': 'log2', 'min_samples_split': 2, 'n_estimators': 100, 'n_jobs': -1}",0.40124223602484477,0.8333333333333334,0.18382352941176472,0.043478260869565216,0.08264462809917356,0.8461538461538461,0.22058823529411764,0.09565217391304348,0.171875,0.7777777777777778,0.2647058823529412,0.1826086956521739,0.29577464788732394,0.775,0.3161764705882353,0.26956521739130435,0.39999999999999997,0.8235294117647058,0.47794117647058826,0.48695652173913045,0.6120218579234973
ET,"ExtraTreesClassifier(bootstrap=False, class_weight=None, criterion='entropy',
           max_depth=50, max_features='log2', max_leaf_nodes=None,
           min_impurity_decrease=0.0, min_impurity_split=None,
           min_samples_leaf=1, min_samples_split=10,
           min_weight_fraction_leaf=0.0, n_estimators=100, n_jobs=-1,
           oob_score=False, random_state=None, verbose=0, warm_start=False)","{'criterion': 'entropy', 'max_depth': 50, 'max_features': 'log2', 'min_samples_split': 10, 'n_estimators': 10, 'n_jobs': -1}",0.4416149068322982,0.6666666666666666,0.16911764705882354,0.034782608695652174,0.06611570247933884,0.8461538461538461,0.22058823529411764,0.09565217391304348,0.171875,0.7777777777777778,0.2647058823529412,0.1826086956521739,0.29577464788732394,0.775,0.3161764705882353,0.26956521739130435,0.39999999999999997,0.8235294117647058,0.47794117647058826,0.48695652173913045,0.6120218579234973
ET,"ExtraTreesClassifier(bootstrap=False, class_weight=None, criterion='entropy',
           max_depth=50, max_features='log2', max_leaf_nodes=None,
           min_impurity_decrease=0.0, min_impurity_split=None,
           min_samples_leaf=1, min_samples_split=10,
           min_weight_fraction_leaf=0.0, n_estimators=100, n_jobs=-1,
           oob_score=False, random_state=None, verbose=0, warm_start=False)","{'criterion': 'entropy', 'max_depth': 50, 'max_features': 'log2', 'min_samples_split': 10, 'n_estimators': 100, 'n_jobs': -1}",0.3387163561076605,0.3333333333333333,0.13970588235294118,0.017391304347826087,0.03305785123966942,0.6153846153846154,0.17647058823529413,0.06956521739130435,0.125,0.7777777777777778,0.2647058823529412,0.1826086956521739,0.29577464788732394,0.775,0.3161764705882353,0.26956521739130435,0.39999999999999997,0.7941176470588235,0.4485294117647059,0.46956521739130436,0.5901639344262295
