model_type,clf,parameters,baseline,auc-roc,precision_5,accuracy_5,recall_5,f1_5,precision_10,accuracy_10,recall_10,f1_10,precision_20,accuracy_20,recall_20,f1_20,precision_30,accuracy_30,recall_30,f1_30,precision_50,accuracy_50,recall_50,f1_50
RF,"RandomForestClassifier(bootstrap=True, class_weight=None, criterion='gini',
            max_depth=50, max_features='log2', max_leaf_nodes=None,
            min_impurity_decrease=0.0, min_impurity_split=None,
            min_samples_leaf=1, min_samples_split=10,
            min_weight_fraction_leaf=0.0, n_estimators=100, n_jobs=-1,
            oob_score=False, random_state=None, verbose=0,
            warm_start=False)","{'max_depth': 5, 'max_features': 'sqrt', 'min_samples_split': 2, 'n_estimators': 10, 'n_jobs': -1}",<function baseline at 0x10c4780d0>,0.701656314699793,1.0,0.19852941176470587,0.05217391304347826,0.09917355371900827,1.0,0.25,0.11304347826086956,0.203125,0.8518518518518519,0.29411764705882354,0.2,0.32394366197183105,0.9,0.3897058823529412,0.3130434782608696,0.4645161290322581,0.9117647058823529,0.5661764705882353,0.5391304347826087,0.6775956284153006
RF,"RandomForestClassifier(bootstrap=True, class_weight=None, criterion='gini',
            max_depth=50, max_features='log2', max_leaf_nodes=None,
            min_impurity_decrease=0.0, min_impurity_split=None,
            min_samples_leaf=1, min_samples_split=10,
            min_weight_fraction_leaf=0.0, n_estimators=100, n_jobs=-1,
            oob_score=False, random_state=None, verbose=0,
            warm_start=False)","{'max_depth': 5, 'max_features': 'sqrt', 'min_samples_split': 2, 'n_estimators': 100, 'n_jobs': -1}",<function baseline at 0x10c4780d0>,0.6975155279503106,1.0,0.19852941176470587,0.05217391304347826,0.09917355371900827,1.0,0.25,0.11304347826086956,0.203125,1.0,0.35294117647058826,0.23478260869565218,0.38028169014084506,0.975,0.4338235294117647,0.3391304347826087,0.503225806451613,0.8970588235294118,0.5514705882352942,0.5304347826086957,0.6666666666666667
RF,"RandomForestClassifier(bootstrap=True, class_weight=None, criterion='gini',
            max_depth=50, max_features='log2', max_leaf_nodes=None,
            min_impurity_decrease=0.0, min_impurity_split=None,
            min_samples_leaf=1, min_samples_split=10,
            min_weight_fraction_leaf=0.0, n_estimators=100, n_jobs=-1,
            oob_score=False, random_state=None, verbose=0,
            warm_start=False)","{'max_depth': 5, 'max_features': 'sqrt', 'min_samples_split': 10, 'n_estimators': 10, 'n_jobs': -1}",<function baseline at 0x10c4780d0>,0.7546583850931677,1.0,0.19852941176470587,0.05217391304347826,0.09917355371900827,1.0,0.25,0.11304347826086956,0.203125,1.0,0.35294117647058826,0.23478260869565218,0.38028169014084506,0.975,0.4338235294117647,0.3391304347826087,0.503225806451613,0.9264705882352942,0.5808823529411765,0.5478260869565217,0.6885245901639344
RF,"RandomForestClassifier(bootstrap=True, class_weight=None, criterion='gini',
            max_depth=50, max_features='log2', max_leaf_nodes=None,
            min_impurity_decrease=0.0, min_impurity_split=None,
            min_samples_leaf=1, min_samples_split=10,
            min_weight_fraction_leaf=0.0, n_estimators=100, n_jobs=-1,
            oob_score=False, random_state=None, verbose=0,
            warm_start=False)","{'max_depth': 5, 'max_features': 'sqrt', 'min_samples_split': 10, 'n_estimators': 100, 'n_jobs': -1}",<function baseline at 0x10c4780d0>,0.7227743271221533,1.0,0.19852941176470587,0.05217391304347826,0.09917355371900827,0.9230769230769231,0.23529411764705882,0.10434782608695652,0.18749999999999997,0.9629629629629629,0.3382352941176471,0.22608695652173913,0.36619718309859156,0.925,0.40441176470588236,0.3217391304347826,0.4774193548387097,0.9264705882352942,0.5808823529411765,0.5478260869565217,0.6885245901639344
RF,"RandomForestClassifier(bootstrap=True, class_weight=None, criterion='gini',
            max_depth=50, max_features='log2', max_leaf_nodes=None,
            min_impurity_decrease=0.0, min_impurity_split=None,
            min_samples_leaf=1, min_samples_split=10,
            min_weight_fraction_leaf=0.0, n_estimators=100, n_jobs=-1,
            oob_score=False, random_state=None, verbose=0,
            warm_start=False)","{'max_depth': 5, 'max_features': 'log2', 'min_samples_split': 2, 'n_estimators': 10, 'n_jobs': -1}",<function baseline at 0x10c4780d0>,0.6325051759834368,1.0,0.19852941176470587,0.05217391304347826,0.09917355371900827,0.8461538461538461,0.22058823529411764,0.09565217391304348,0.171875,0.9259259259259259,0.3235294117647059,0.21739130434782608,0.35211267605633806,0.925,0.40441176470588236,0.3217391304347826,0.4774193548387097,0.8970588235294118,0.5514705882352942,0.5304347826086957,0.6666666666666667
RF,"RandomForestClassifier(bootstrap=True, class_weight=None, criterion='gini',
            max_depth=50, max_features='log2', max_leaf_nodes=None,
            min_impurity_decrease=0.0, min_impurity_split=None,
            min_samples_leaf=1, min_samples_split=10,
            min_weight_fraction_leaf=0.0, n_estimators=100, n_jobs=-1,
            oob_score=False, random_state=None, verbose=0,
            warm_start=False)","{'max_depth': 5, 'max_features': 'log2', 'min_samples_split': 2, 'n_estimators': 100, 'n_jobs': -1}",<function baseline at 0x10c4780d0>,0.741407867494824,1.0,0.19852941176470587,0.05217391304347826,0.09917355371900827,1.0,0.25,0.11304347826086956,0.203125,1.0,0.35294117647058826,0.23478260869565218,0.38028169014084506,0.925,0.40441176470588236,0.3217391304347826,0.4774193548387097,0.9117647058823529,0.5661764705882353,0.5391304347826087,0.6775956284153006
RF,"RandomForestClassifier(bootstrap=True, class_weight=None, criterion='gini',
            max_depth=50, max_features='log2', max_leaf_nodes=None,
            min_impurity_decrease=0.0, min_impurity_split=None,
            min_samples_leaf=1, min_samples_split=10,
            min_weight_fraction_leaf=0.0, n_estimators=100, n_jobs=-1,
            oob_score=False, random_state=None, verbose=0,
            warm_start=False)","{'max_depth': 5, 'max_features': 'log2', 'min_samples_split': 10, 'n_estimators': 10, 'n_jobs': -1}",<function baseline at 0x10c4780d0>,0.7374741200828158,1.0,0.19852941176470587,0.05217391304347826,0.09917355371900827,1.0,0.25,0.11304347826086956,0.203125,0.9629629629629629,0.3382352941176471,0.22608695652173913,0.36619718309859156,0.925,0.40441176470588236,0.3217391304347826,0.4774193548387097,0.9264705882352942,0.5808823529411765,0.5478260869565217,0.6885245901639344
RF,"RandomForestClassifier(bootstrap=True, class_weight=None, criterion='gini',
            max_depth=50, max_features='log2', max_leaf_nodes=None,
            min_impurity_decrease=0.0, min_impurity_split=None,
            min_samples_leaf=1, min_samples_split=10,
            min_weight_fraction_leaf=0.0, n_estimators=100, n_jobs=-1,
            oob_score=False, random_state=None, verbose=0,
            warm_start=False)","{'max_depth': 5, 'max_features': 'log2', 'min_samples_split': 10, 'n_estimators': 100, 'n_jobs': -1}",<function baseline at 0x10c4780d0>,0.698136645962733,1.0,0.19852941176470587,0.05217391304347826,0.09917355371900827,1.0,0.25,0.11304347826086956,0.203125,1.0,0.35294117647058826,0.23478260869565218,0.38028169014084506,0.95,0.41911764705882354,0.33043478260869563,0.4903225806451612,0.9117647058823529,0.5661764705882353,0.5391304347826087,0.6775956284153006
RF,"RandomForestClassifier(bootstrap=True, class_weight=None, criterion='gini',
            max_depth=50, max_features='log2', max_leaf_nodes=None,
            min_impurity_decrease=0.0, min_impurity_split=None,
            min_samples_leaf=1, min_samples_split=10,
            min_weight_fraction_leaf=0.0, n_estimators=100, n_jobs=-1,
            oob_score=False, random_state=None, verbose=0,
            warm_start=False)","{'max_depth': 50, 'max_features': 'sqrt', 'min_samples_split': 2, 'n_estimators': 10, 'n_jobs': -1}",<function baseline at 0x10c4780d0>,0.6668737060041408,1.0,0.19852941176470587,0.05217391304347826,0.09917355371900827,1.0,0.25,0.11304347826086956,0.203125,1.0,0.35294117647058826,0.23478260869565218,0.38028169014084506,1.0,0.4485294117647059,0.34782608695652173,0.5161290322580645,1.0,0.6544117647058824,0.591304347826087,0.7431693989071038
RF,"RandomForestClassifier(bootstrap=True, class_weight=None, criterion='gini',
            max_depth=50, max_features='log2', max_leaf_nodes=None,
            min_impurity_decrease=0.0, min_impurity_split=None,
            min_samples_leaf=1, min_samples_split=10,
            min_weight_fraction_leaf=0.0, n_estimators=100, n_jobs=-1,
            oob_score=False, random_state=None, verbose=0,
            warm_start=False)","{'max_depth': 50, 'max_features': 'sqrt', 'min_samples_split': 2, 'n_estimators': 100, 'n_jobs': -1}",<function baseline at 0x10c4780d0>,0.6434782608695652,1.0,0.19852941176470587,0.05217391304347826,0.09917355371900827,1.0,0.25,0.11304347826086956,0.203125,1.0,0.35294117647058826,0.23478260869565218,0.38028169014084506,1.0,0.4485294117647059,0.34782608695652173,0.5161290322580645,0.9117647058823529,0.5661764705882353,0.5391304347826087,0.6775956284153006
RF,"RandomForestClassifier(bootstrap=True, class_weight=None, criterion='gini',
            max_depth=50, max_features='log2', max_leaf_nodes=None,
            min_impurity_decrease=0.0, min_impurity_split=None,
            min_samples_leaf=1, min_samples_split=10,
            min_weight_fraction_leaf=0.0, n_estimators=100, n_jobs=-1,
            oob_score=False, random_state=None, verbose=0,
            warm_start=False)","{'max_depth': 50, 'max_features': 'sqrt', 'min_samples_split': 10, 'n_estimators': 10, 'n_jobs': -1}",<function baseline at 0x10c4780d0>,0.48654244306418215,1.0,0.19852941176470587,0.05217391304347826,0.09917355371900827,1.0,0.25,0.11304347826086956,0.203125,1.0,0.35294117647058826,0.23478260869565218,0.38028169014084506,1.0,0.4485294117647059,0.34782608695652173,0.5161290322580645,0.9852941176470589,0.6397058823529411,0.5826086956521739,0.73224043715847
RF,"RandomForestClassifier(bootstrap=True, class_weight=None, criterion='gini',
            max_depth=50, max_features='log2', max_leaf_nodes=None,
            min_impurity_decrease=0.0, min_impurity_split=None,
            min_samples_leaf=1, min_samples_split=10,
            min_weight_fraction_leaf=0.0, n_estimators=100, n_jobs=-1,
            oob_score=False, random_state=None, verbose=0,
            warm_start=False)","{'max_depth': 50, 'max_features': 'sqrt', 'min_samples_split': 10, 'n_estimators': 100, 'n_jobs': -1}",<function baseline at 0x10c4780d0>,0.6643892339544514,1.0,0.19852941176470587,0.05217391304347826,0.09917355371900827,1.0,0.25,0.11304347826086956,0.203125,0.8518518518518519,0.29411764705882354,0.2,0.32394366197183105,0.9,0.3897058823529412,0.3130434782608696,0.4645161290322581,0.8970588235294118,0.5514705882352942,0.5304347826086957,0.6666666666666667
RF,"RandomForestClassifier(bootstrap=True, class_weight=None, criterion='gini',
            max_depth=50, max_features='log2', max_leaf_nodes=None,
            min_impurity_decrease=0.0, min_impurity_split=None,
            min_samples_leaf=1, min_samples_split=10,
            min_weight_fraction_leaf=0.0, n_estimators=100, n_jobs=-1,
            oob_score=False, random_state=None, verbose=0,
            warm_start=False)","{'max_depth': 50, 'max_features': 'log2', 'min_samples_split': 2, 'n_estimators': 10, 'n_jobs': -1}",<function baseline at 0x10c4780d0>,0.5710144927536231,1.0,0.19852941176470587,0.05217391304347826,0.09917355371900827,1.0,0.25,0.11304347826086956,0.203125,1.0,0.35294117647058826,0.23478260869565218,0.38028169014084506,1.0,0.4485294117647059,0.34782608695652173,0.5161290322580645,1.0,0.6544117647058824,0.591304347826087,0.7431693989071038
RF,"RandomForestClassifier(bootstrap=True, class_weight=None, criterion='gini',
            max_depth=50, max_features='log2', max_leaf_nodes=None,
            min_impurity_decrease=0.0, min_impurity_split=None,
            min_samples_leaf=1, min_samples_split=10,
            min_weight_fraction_leaf=0.0, n_estimators=100, n_jobs=-1,
            oob_score=False, random_state=None, verbose=0,
            warm_start=False)","{'max_depth': 50, 'max_features': 'log2', 'min_samples_split': 2, 'n_estimators': 100, 'n_jobs': -1}",<function baseline at 0x10c4780d0>,0.6614906832298136,1.0,0.19852941176470587,0.05217391304347826,0.09917355371900827,1.0,0.25,0.11304347826086956,0.203125,1.0,0.35294117647058826,0.23478260869565218,0.38028169014084506,1.0,0.4485294117647059,0.34782608695652173,0.5161290322580645,0.9264705882352942,0.5808823529411765,0.5478260869565217,0.6885245901639344
RF,"RandomForestClassifier(bootstrap=True, class_weight=None, criterion='gini',
            max_depth=50, max_features='log2', max_leaf_nodes=None,
            min_impurity_decrease=0.0, min_impurity_split=None,
            min_samples_leaf=1, min_samples_split=10,
            min_weight_fraction_leaf=0.0, n_estimators=100, n_jobs=-1,
            oob_score=False, random_state=None, verbose=0,
            warm_start=False)","{'max_depth': 50, 'max_features': 'log2', 'min_samples_split': 10, 'n_estimators': 10, 'n_jobs': -1}",<function baseline at 0x10c4780d0>,0.5979296066252588,1.0,0.19852941176470587,0.05217391304347826,0.09917355371900827,1.0,0.25,0.11304347826086956,0.203125,1.0,0.35294117647058826,0.23478260869565218,0.38028169014084506,1.0,0.4485294117647059,0.34782608695652173,0.5161290322580645,0.9264705882352942,0.5808823529411765,0.5478260869565217,0.6885245901639344
RF,"RandomForestClassifier(bootstrap=True, class_weight=None, criterion='gini',
            max_depth=50, max_features='log2', max_leaf_nodes=None,
            min_impurity_decrease=0.0, min_impurity_split=None,
            min_samples_leaf=1, min_samples_split=10,
            min_weight_fraction_leaf=0.0, n_estimators=100, n_jobs=-1,
            oob_score=False, random_state=None, verbose=0,
            warm_start=False)","{'max_depth': 50, 'max_features': 'log2', 'min_samples_split': 10, 'n_estimators': 100, 'n_jobs': -1}",<function baseline at 0x10c4780d0>,0.6159420289855073,1.0,0.19852941176470587,0.05217391304347826,0.09917355371900827,0.8461538461538461,0.22058823529411764,0.09565217391304348,0.171875,0.8148148148148148,0.27941176470588236,0.19130434782608696,0.3098591549295775,0.875,0.375,0.30434782608695654,0.4516129032258065,0.8823529411764706,0.5367647058823529,0.5217391304347826,0.6557377049180327
DT,"DecisionTreeClassifier(class_weight=None, criterion='entropy', max_depth=100,
            max_features=None, max_leaf_nodes=None,
            min_impurity_decrease=0.0, min_impurity_split=None,
            min_samples_leaf=1, min_samples_split=10,
            min_weight_fraction_leaf=0.0, presort=False, random_state=None,
            splitter='best')","{'criterion': 'gini', 'max_depth': 1, 'min_samples_split': 2}",<function baseline at 0x10c4780d0>,0.4826086956521739,1.0,0.19852941176470587,0.05217391304347826,0.09917355371900827,1.0,0.25,0.11304347826086956,0.203125,1.0,0.35294117647058826,0.23478260869565218,0.38028169014084506,1.0,0.4485294117647059,0.34782608695652173,0.5161290322580645,1.0,0.6544117647058824,0.591304347826087,0.7431693989071038
DT,"DecisionTreeClassifier(class_weight=None, criterion='entropy', max_depth=100,
            max_features=None, max_leaf_nodes=None,
            min_impurity_decrease=0.0, min_impurity_split=None,
            min_samples_leaf=1, min_samples_split=10,
            min_weight_fraction_leaf=0.0, presort=False, random_state=None,
            splitter='best')","{'criterion': 'gini', 'max_depth': 1, 'min_samples_split': 5}",<function baseline at 0x10c4780d0>,0.4826086956521739,1.0,0.19852941176470587,0.05217391304347826,0.09917355371900827,1.0,0.25,0.11304347826086956,0.203125,1.0,0.35294117647058826,0.23478260869565218,0.38028169014084506,1.0,0.4485294117647059,0.34782608695652173,0.5161290322580645,1.0,0.6544117647058824,0.591304347826087,0.7431693989071038
DT,"DecisionTreeClassifier(class_weight=None, criterion='entropy', max_depth=100,
            max_features=None, max_leaf_nodes=None,
            min_impurity_decrease=0.0, min_impurity_split=None,
            min_samples_leaf=1, min_samples_split=10,
            min_weight_fraction_leaf=0.0, presort=False, random_state=None,
            splitter='best')","{'criterion': 'gini', 'max_depth': 1, 'min_samples_split': 10}",<function baseline at 0x10c4780d0>,0.4826086956521739,1.0,0.19852941176470587,0.05217391304347826,0.09917355371900827,1.0,0.25,0.11304347826086956,0.203125,1.0,0.35294117647058826,0.23478260869565218,0.38028169014084506,1.0,0.4485294117647059,0.34782608695652173,0.5161290322580645,1.0,0.6544117647058824,0.591304347826087,0.7431693989071038
DT,"DecisionTreeClassifier(class_weight=None, criterion='entropy', max_depth=100,
            max_features=None, max_leaf_nodes=None,
            min_impurity_decrease=0.0, min_impurity_split=None,
            min_samples_leaf=1, min_samples_split=10,
            min_weight_fraction_leaf=0.0, presort=False, random_state=None,
            splitter='best')","{'criterion': 'gini', 'max_depth': 5, 'min_samples_split': 2}",<function baseline at 0x10c4780d0>,0.5130434782608696,1.0,0.19852941176470587,0.05217391304347826,0.09917355371900827,1.0,0.25,0.11304347826086956,0.203125,1.0,0.35294117647058826,0.23478260869565218,0.38028169014084506,1.0,0.4485294117647059,0.34782608695652173,0.5161290322580645,1.0,0.6544117647058824,0.591304347826087,0.7431693989071038
DT,"DecisionTreeClassifier(class_weight=None, criterion='entropy', max_depth=100,
            max_features=None, max_leaf_nodes=None,
            min_impurity_decrease=0.0, min_impurity_split=None,
            min_samples_leaf=1, min_samples_split=10,
            min_weight_fraction_leaf=0.0, presort=False, random_state=None,
            splitter='best')","{'criterion': 'gini', 'max_depth': 5, 'min_samples_split': 5}",<function baseline at 0x10c4780d0>,0.5130434782608696,1.0,0.19852941176470587,0.05217391304347826,0.09917355371900827,1.0,0.25,0.11304347826086956,0.203125,1.0,0.35294117647058826,0.23478260869565218,0.38028169014084506,1.0,0.4485294117647059,0.34782608695652173,0.5161290322580645,1.0,0.6544117647058824,0.591304347826087,0.7431693989071038
DT,"DecisionTreeClassifier(class_weight=None, criterion='entropy', max_depth=100,
            max_features=None, max_leaf_nodes=None,
            min_impurity_decrease=0.0, min_impurity_split=None,
            min_samples_leaf=1, min_samples_split=10,
            min_weight_fraction_leaf=0.0, presort=False, random_state=None,
            splitter='best')","{'criterion': 'gini', 'max_depth': 5, 'min_samples_split': 10}",<function baseline at 0x10c4780d0>,0.5130434782608696,1.0,0.19852941176470587,0.05217391304347826,0.09917355371900827,1.0,0.25,0.11304347826086956,0.203125,1.0,0.35294117647058826,0.23478260869565218,0.38028169014084506,1.0,0.4485294117647059,0.34782608695652173,0.5161290322580645,1.0,0.6544117647058824,0.591304347826087,0.7431693989071038
DT,"DecisionTreeClassifier(class_weight=None, criterion='entropy', max_depth=100,
            max_features=None, max_leaf_nodes=None,
            min_impurity_decrease=0.0, min_impurity_split=None,
            min_samples_leaf=1, min_samples_split=10,
            min_weight_fraction_leaf=0.0, presort=False, random_state=None,
            splitter='best')","{'criterion': 'gini', 'max_depth': 10, 'min_samples_split': 2}",<function baseline at 0x10c4780d0>,0.4956521739130435,1.0,0.19852941176470587,0.05217391304347826,0.09917355371900827,1.0,0.25,0.11304347826086956,0.203125,1.0,0.35294117647058826,0.23478260869565218,0.38028169014084506,1.0,0.4485294117647059,0.34782608695652173,0.5161290322580645,1.0,0.6544117647058824,0.591304347826087,0.7431693989071038
DT,"DecisionTreeClassifier(class_weight=None, criterion='entropy', max_depth=100,
            max_features=None, max_leaf_nodes=None,
            min_impurity_decrease=0.0, min_impurity_split=None,
            min_samples_leaf=1, min_samples_split=10,
            min_weight_fraction_leaf=0.0, presort=False, random_state=None,
            splitter='best')","{'criterion': 'gini', 'max_depth': 10, 'min_samples_split': 5}",<function baseline at 0x10c4780d0>,0.49130434782608695,1.0,0.19852941176470587,0.05217391304347826,0.09917355371900827,1.0,0.25,0.11304347826086956,0.203125,1.0,0.35294117647058826,0.23478260869565218,0.38028169014084506,1.0,0.4485294117647059,0.34782608695652173,0.5161290322580645,1.0,0.6544117647058824,0.591304347826087,0.7431693989071038
DT,"DecisionTreeClassifier(class_weight=None, criterion='entropy', max_depth=100,
            max_features=None, max_leaf_nodes=None,
            min_impurity_decrease=0.0, min_impurity_split=None,
            min_samples_leaf=1, min_samples_split=10,
            min_weight_fraction_leaf=0.0, presort=False, random_state=None,
            splitter='best')","{'criterion': 'gini', 'max_depth': 10, 'min_samples_split': 10}",<function baseline at 0x10c4780d0>,0.48695652173913045,1.0,0.19852941176470587,0.05217391304347826,0.09917355371900827,1.0,0.25,0.11304347826086956,0.203125,1.0,0.35294117647058826,0.23478260869565218,0.38028169014084506,1.0,0.4485294117647059,0.34782608695652173,0.5161290322580645,1.0,0.6544117647058824,0.591304347826087,0.7431693989071038
DT,"DecisionTreeClassifier(class_weight=None, criterion='entropy', max_depth=100,
            max_features=None, max_leaf_nodes=None,
            min_impurity_decrease=0.0, min_impurity_split=None,
            min_samples_leaf=1, min_samples_split=10,
            min_weight_fraction_leaf=0.0, presort=False, random_state=None,
            splitter='best')","{'criterion': 'gini', 'max_depth': 20, 'min_samples_split': 2}",<function baseline at 0x10c4780d0>,0.5,1.0,0.19852941176470587,0.05217391304347826,0.09917355371900827,1.0,0.25,0.11304347826086956,0.203125,1.0,0.35294117647058826,0.23478260869565218,0.38028169014084506,1.0,0.4485294117647059,0.34782608695652173,0.5161290322580645,1.0,0.6544117647058824,0.591304347826087,0.7431693989071038
DT,"DecisionTreeClassifier(class_weight=None, criterion='entropy', max_depth=100,
            max_features=None, max_leaf_nodes=None,
            min_impurity_decrease=0.0, min_impurity_split=None,
            min_samples_leaf=1, min_samples_split=10,
            min_weight_fraction_leaf=0.0, presort=False, random_state=None,
            splitter='best')","{'criterion': 'gini', 'max_depth': 20, 'min_samples_split': 5}",<function baseline at 0x10c4780d0>,0.49130434782608695,1.0,0.19852941176470587,0.05217391304347826,0.09917355371900827,1.0,0.25,0.11304347826086956,0.203125,1.0,0.35294117647058826,0.23478260869565218,0.38028169014084506,1.0,0.4485294117647059,0.34782608695652173,0.5161290322580645,1.0,0.6544117647058824,0.591304347826087,0.7431693989071038
DT,"DecisionTreeClassifier(class_weight=None, criterion='entropy', max_depth=100,
            max_features=None, max_leaf_nodes=None,
            min_impurity_decrease=0.0, min_impurity_split=None,
            min_samples_leaf=1, min_samples_split=10,
            min_weight_fraction_leaf=0.0, presort=False, random_state=None,
            splitter='best')","{'criterion': 'gini', 'max_depth': 20, 'min_samples_split': 10}",<function baseline at 0x10c4780d0>,0.48695652173913045,1.0,0.19852941176470587,0.05217391304347826,0.09917355371900827,1.0,0.25,0.11304347826086956,0.203125,1.0,0.35294117647058826,0.23478260869565218,0.38028169014084506,1.0,0.4485294117647059,0.34782608695652173,0.5161290322580645,1.0,0.6544117647058824,0.591304347826087,0.7431693989071038
DT,"DecisionTreeClassifier(class_weight=None, criterion='entropy', max_depth=100,
            max_features=None, max_leaf_nodes=None,
            min_impurity_decrease=0.0, min_impurity_split=None,
            min_samples_leaf=1, min_samples_split=10,
            min_weight_fraction_leaf=0.0, presort=False, random_state=None,
            splitter='best')","{'criterion': 'gini', 'max_depth': 50, 'min_samples_split': 2}",<function baseline at 0x10c4780d0>,0.4956521739130435,1.0,0.19852941176470587,0.05217391304347826,0.09917355371900827,1.0,0.25,0.11304347826086956,0.203125,1.0,0.35294117647058826,0.23478260869565218,0.38028169014084506,1.0,0.4485294117647059,0.34782608695652173,0.5161290322580645,1.0,0.6544117647058824,0.591304347826087,0.7431693989071038
DT,"DecisionTreeClassifier(class_weight=None, criterion='entropy', max_depth=100,
            max_features=None, max_leaf_nodes=None,
            min_impurity_decrease=0.0, min_impurity_split=None,
            min_samples_leaf=1, min_samples_split=10,
            min_weight_fraction_leaf=0.0, presort=False, random_state=None,
            splitter='best')","{'criterion': 'gini', 'max_depth': 50, 'min_samples_split': 5}",<function baseline at 0x10c4780d0>,0.49130434782608695,1.0,0.19852941176470587,0.05217391304347826,0.09917355371900827,1.0,0.25,0.11304347826086956,0.203125,1.0,0.35294117647058826,0.23478260869565218,0.38028169014084506,1.0,0.4485294117647059,0.34782608695652173,0.5161290322580645,1.0,0.6544117647058824,0.591304347826087,0.7431693989071038
DT,"DecisionTreeClassifier(class_weight=None, criterion='entropy', max_depth=100,
            max_features=None, max_leaf_nodes=None,
            min_impurity_decrease=0.0, min_impurity_split=None,
            min_samples_leaf=1, min_samples_split=10,
            min_weight_fraction_leaf=0.0, presort=False, random_state=None,
            splitter='best')","{'criterion': 'gini', 'max_depth': 50, 'min_samples_split': 10}",<function baseline at 0x10c4780d0>,0.48695652173913045,1.0,0.19852941176470587,0.05217391304347826,0.09917355371900827,1.0,0.25,0.11304347826086956,0.203125,1.0,0.35294117647058826,0.23478260869565218,0.38028169014084506,1.0,0.4485294117647059,0.34782608695652173,0.5161290322580645,1.0,0.6544117647058824,0.591304347826087,0.7431693989071038
DT,"DecisionTreeClassifier(class_weight=None, criterion='entropy', max_depth=100,
            max_features=None, max_leaf_nodes=None,
            min_impurity_decrease=0.0, min_impurity_split=None,
            min_samples_leaf=1, min_samples_split=10,
            min_weight_fraction_leaf=0.0, presort=False, random_state=None,
            splitter='best')","{'criterion': 'gini', 'max_depth': 100, 'min_samples_split': 2}",<function baseline at 0x10c4780d0>,0.4956521739130435,1.0,0.19852941176470587,0.05217391304347826,0.09917355371900827,1.0,0.25,0.11304347826086956,0.203125,1.0,0.35294117647058826,0.23478260869565218,0.38028169014084506,1.0,0.4485294117647059,0.34782608695652173,0.5161290322580645,1.0,0.6544117647058824,0.591304347826087,0.7431693989071038
DT,"DecisionTreeClassifier(class_weight=None, criterion='entropy', max_depth=100,
            max_features=None, max_leaf_nodes=None,
            min_impurity_decrease=0.0, min_impurity_split=None,
            min_samples_leaf=1, min_samples_split=10,
            min_weight_fraction_leaf=0.0, presort=False, random_state=None,
            splitter='best')","{'criterion': 'gini', 'max_depth': 100, 'min_samples_split': 5}",<function baseline at 0x10c4780d0>,0.49130434782608695,1.0,0.19852941176470587,0.05217391304347826,0.09917355371900827,1.0,0.25,0.11304347826086956,0.203125,1.0,0.35294117647058826,0.23478260869565218,0.38028169014084506,1.0,0.4485294117647059,0.34782608695652173,0.5161290322580645,1.0,0.6544117647058824,0.591304347826087,0.7431693989071038
DT,"DecisionTreeClassifier(class_weight=None, criterion='entropy', max_depth=100,
            max_features=None, max_leaf_nodes=None,
            min_impurity_decrease=0.0, min_impurity_split=None,
            min_samples_leaf=1, min_samples_split=10,
            min_weight_fraction_leaf=0.0, presort=False, random_state=None,
            splitter='best')","{'criterion': 'gini', 'max_depth': 100, 'min_samples_split': 10}",<function baseline at 0x10c4780d0>,0.48695652173913045,1.0,0.19852941176470587,0.05217391304347826,0.09917355371900827,1.0,0.25,0.11304347826086956,0.203125,1.0,0.35294117647058826,0.23478260869565218,0.38028169014084506,1.0,0.4485294117647059,0.34782608695652173,0.5161290322580645,1.0,0.6544117647058824,0.591304347826087,0.7431693989071038
DT,"DecisionTreeClassifier(class_weight=None, criterion='entropy', max_depth=100,
            max_features=None, max_leaf_nodes=None,
            min_impurity_decrease=0.0, min_impurity_split=None,
            min_samples_leaf=1, min_samples_split=10,
            min_weight_fraction_leaf=0.0, presort=False, random_state=None,
            splitter='best')","{'criterion': 'entropy', 'max_depth': 1, 'min_samples_split': 2}",<function baseline at 0x10c4780d0>,0.8327122153209109,1.0,0.19852941176470587,0.05217391304347826,0.09917355371900827,1.0,0.25,0.11304347826086956,0.203125,1.0,0.35294117647058826,0.23478260869565218,0.38028169014084506,1.0,0.4485294117647059,0.34782608695652173,0.5161290322580645,1.0,0.6544117647058824,0.591304347826087,0.7431693989071038
DT,"DecisionTreeClassifier(class_weight=None, criterion='entropy', max_depth=100,
            max_features=None, max_leaf_nodes=None,
            min_impurity_decrease=0.0, min_impurity_split=None,
            min_samples_leaf=1, min_samples_split=10,
            min_weight_fraction_leaf=0.0, presort=False, random_state=None,
            splitter='best')","{'criterion': 'entropy', 'max_depth': 1, 'min_samples_split': 5}",<function baseline at 0x10c4780d0>,0.8327122153209109,1.0,0.19852941176470587,0.05217391304347826,0.09917355371900827,1.0,0.25,0.11304347826086956,0.203125,1.0,0.35294117647058826,0.23478260869565218,0.38028169014084506,1.0,0.4485294117647059,0.34782608695652173,0.5161290322580645,1.0,0.6544117647058824,0.591304347826087,0.7431693989071038
DT,"DecisionTreeClassifier(class_weight=None, criterion='entropy', max_depth=100,
            max_features=None, max_leaf_nodes=None,
            min_impurity_decrease=0.0, min_impurity_split=None,
            min_samples_leaf=1, min_samples_split=10,
            min_weight_fraction_leaf=0.0, presort=False, random_state=None,
            splitter='best')","{'criterion': 'entropy', 'max_depth': 1, 'min_samples_split': 10}",<function baseline at 0x10c4780d0>,0.8327122153209109,1.0,0.19852941176470587,0.05217391304347826,0.09917355371900827,1.0,0.25,0.11304347826086956,0.203125,1.0,0.35294117647058826,0.23478260869565218,0.38028169014084506,1.0,0.4485294117647059,0.34782608695652173,0.5161290322580645,1.0,0.6544117647058824,0.591304347826087,0.7431693989071038
DT,"DecisionTreeClassifier(class_weight=None, criterion='entropy', max_depth=100,
            max_features=None, max_leaf_nodes=None,
            min_impurity_decrease=0.0, min_impurity_split=None,
            min_samples_leaf=1, min_samples_split=10,
            min_weight_fraction_leaf=0.0, presort=False, random_state=None,
            splitter='best')","{'criterion': 'entropy', 'max_depth': 5, 'min_samples_split': 2}",<function baseline at 0x10c4780d0>,0.9002070393374741,1.0,0.19852941176470587,0.05217391304347826,0.09917355371900827,1.0,0.25,0.11304347826086956,0.203125,1.0,0.35294117647058826,0.23478260869565218,0.38028169014084506,1.0,0.4485294117647059,0.34782608695652173,0.5161290322580645,1.0,0.6544117647058824,0.591304347826087,0.7431693989071038
DT,"DecisionTreeClassifier(class_weight=None, criterion='entropy', max_depth=100,
            max_features=None, max_leaf_nodes=None,
            min_impurity_decrease=0.0, min_impurity_split=None,
            min_samples_leaf=1, min_samples_split=10,
            min_weight_fraction_leaf=0.0, presort=False, random_state=None,
            splitter='best')","{'criterion': 'entropy', 'max_depth': 5, 'min_samples_split': 5}",<function baseline at 0x10c4780d0>,0.9002070393374741,1.0,0.19852941176470587,0.05217391304347826,0.09917355371900827,1.0,0.25,0.11304347826086956,0.203125,1.0,0.35294117647058826,0.23478260869565218,0.38028169014084506,1.0,0.4485294117647059,0.34782608695652173,0.5161290322580645,1.0,0.6544117647058824,0.591304347826087,0.7431693989071038
DT,"DecisionTreeClassifier(class_weight=None, criterion='entropy', max_depth=100,
            max_features=None, max_leaf_nodes=None,
            min_impurity_decrease=0.0, min_impurity_split=None,
            min_samples_leaf=1, min_samples_split=10,
            min_weight_fraction_leaf=0.0, presort=False, random_state=None,
            splitter='best')","{'criterion': 'entropy', 'max_depth': 5, 'min_samples_split': 10}",<function baseline at 0x10c4780d0>,0.9002070393374741,1.0,0.19852941176470587,0.05217391304347826,0.09917355371900827,1.0,0.25,0.11304347826086956,0.203125,1.0,0.35294117647058826,0.23478260869565218,0.38028169014084506,1.0,0.4485294117647059,0.34782608695652173,0.5161290322580645,1.0,0.6544117647058824,0.591304347826087,0.7431693989071038
DT,"DecisionTreeClassifier(class_weight=None, criterion='entropy', max_depth=100,
            max_features=None, max_leaf_nodes=None,
            min_impurity_decrease=0.0, min_impurity_split=None,
            min_samples_leaf=1, min_samples_split=10,
            min_weight_fraction_leaf=0.0, presort=False, random_state=None,
            splitter='best')","{'criterion': 'entropy', 'max_depth': 10, 'min_samples_split': 2}",<function baseline at 0x10c4780d0>,0.906832298136646,1.0,0.19852941176470587,0.05217391304347826,0.09917355371900827,1.0,0.25,0.11304347826086956,0.203125,1.0,0.35294117647058826,0.23478260869565218,0.38028169014084506,1.0,0.4485294117647059,0.34782608695652173,0.5161290322580645,1.0,0.6544117647058824,0.591304347826087,0.7431693989071038
DT,"DecisionTreeClassifier(class_weight=None, criterion='entropy', max_depth=100,
            max_features=None, max_leaf_nodes=None,
            min_impurity_decrease=0.0, min_impurity_split=None,
            min_samples_leaf=1, min_samples_split=10,
            min_weight_fraction_leaf=0.0, presort=False, random_state=None,
            splitter='best')","{'criterion': 'entropy', 'max_depth': 10, 'min_samples_split': 5}",<function baseline at 0x10c4780d0>,0.9084886128364389,1.0,0.19852941176470587,0.05217391304347826,0.09917355371900827,1.0,0.25,0.11304347826086956,0.203125,1.0,0.35294117647058826,0.23478260869565218,0.38028169014084506,1.0,0.4485294117647059,0.34782608695652173,0.5161290322580645,1.0,0.6544117647058824,0.591304347826087,0.7431693989071038
DT,"DecisionTreeClassifier(class_weight=None, criterion='entropy', max_depth=100,
            max_features=None, max_leaf_nodes=None,
            min_impurity_decrease=0.0, min_impurity_split=None,
            min_samples_leaf=1, min_samples_split=10,
            min_weight_fraction_leaf=0.0, presort=False, random_state=None,
            splitter='best')","{'criterion': 'entropy', 'max_depth': 10, 'min_samples_split': 10}",<function baseline at 0x10c4780d0>,0.9325051759834369,1.0,0.19852941176470587,0.05217391304347826,0.09917355371900827,1.0,0.25,0.11304347826086956,0.203125,1.0,0.35294117647058826,0.23478260869565218,0.38028169014084506,1.0,0.4485294117647059,0.34782608695652173,0.5161290322580645,1.0,0.6544117647058824,0.591304347826087,0.7431693989071038
DT,"DecisionTreeClassifier(class_weight=None, criterion='entropy', max_depth=100,
            max_features=None, max_leaf_nodes=None,
            min_impurity_decrease=0.0, min_impurity_split=None,
            min_samples_leaf=1, min_samples_split=10,
            min_weight_fraction_leaf=0.0, presort=False, random_state=None,
            splitter='best')","{'criterion': 'entropy', 'max_depth': 20, 'min_samples_split': 2}",<function baseline at 0x10c4780d0>,0.906832298136646,1.0,0.19852941176470587,0.05217391304347826,0.09917355371900827,1.0,0.25,0.11304347826086956,0.203125,1.0,0.35294117647058826,0.23478260869565218,0.38028169014084506,1.0,0.4485294117647059,0.34782608695652173,0.5161290322580645,1.0,0.6544117647058824,0.591304347826087,0.7431693989071038
DT,"DecisionTreeClassifier(class_weight=None, criterion='entropy', max_depth=100,
            max_features=None, max_leaf_nodes=None,
            min_impurity_decrease=0.0, min_impurity_split=None,
            min_samples_leaf=1, min_samples_split=10,
            min_weight_fraction_leaf=0.0, presort=False, random_state=None,
            splitter='best')","{'criterion': 'entropy', 'max_depth': 20, 'min_samples_split': 5}",<function baseline at 0x10c4780d0>,0.9084886128364389,1.0,0.19852941176470587,0.05217391304347826,0.09917355371900827,1.0,0.25,0.11304347826086956,0.203125,1.0,0.35294117647058826,0.23478260869565218,0.38028169014084506,1.0,0.4485294117647059,0.34782608695652173,0.5161290322580645,1.0,0.6544117647058824,0.591304347826087,0.7431693989071038
DT,"DecisionTreeClassifier(class_weight=None, criterion='entropy', max_depth=100,
            max_features=None, max_leaf_nodes=None,
            min_impurity_decrease=0.0, min_impurity_split=None,
            min_samples_leaf=1, min_samples_split=10,
            min_weight_fraction_leaf=0.0, presort=False, random_state=None,
            splitter='best')","{'criterion': 'entropy', 'max_depth': 20, 'min_samples_split': 10}",<function baseline at 0x10c4780d0>,0.9325051759834369,1.0,0.19852941176470587,0.05217391304347826,0.09917355371900827,1.0,0.25,0.11304347826086956,0.203125,1.0,0.35294117647058826,0.23478260869565218,0.38028169014084506,1.0,0.4485294117647059,0.34782608695652173,0.5161290322580645,1.0,0.6544117647058824,0.591304347826087,0.7431693989071038
DT,"DecisionTreeClassifier(class_weight=None, criterion='entropy', max_depth=100,
            max_features=None, max_leaf_nodes=None,
            min_impurity_decrease=0.0, min_impurity_split=None,
            min_samples_leaf=1, min_samples_split=10,
            min_weight_fraction_leaf=0.0, presort=False, random_state=None,
            splitter='best')","{'criterion': 'entropy', 'max_depth': 50, 'min_samples_split': 2}",<function baseline at 0x10c4780d0>,0.9111801242236026,1.0,0.19852941176470587,0.05217391304347826,0.09917355371900827,1.0,0.25,0.11304347826086956,0.203125,1.0,0.35294117647058826,0.23478260869565218,0.38028169014084506,1.0,0.4485294117647059,0.34782608695652173,0.5161290322580645,1.0,0.6544117647058824,0.591304347826087,0.7431693989071038
DT,"DecisionTreeClassifier(class_weight=None, criterion='entropy', max_depth=100,
            max_features=None, max_leaf_nodes=None,
            min_impurity_decrease=0.0, min_impurity_split=None,
            min_samples_leaf=1, min_samples_split=10,
            min_weight_fraction_leaf=0.0, presort=False, random_state=None,
            splitter='best')","{'criterion': 'entropy', 'max_depth': 50, 'min_samples_split': 5}",<function baseline at 0x10c4780d0>,0.9084886128364389,1.0,0.19852941176470587,0.05217391304347826,0.09917355371900827,1.0,0.25,0.11304347826086956,0.203125,1.0,0.35294117647058826,0.23478260869565218,0.38028169014084506,1.0,0.4485294117647059,0.34782608695652173,0.5161290322580645,1.0,0.6544117647058824,0.591304347826087,0.7431693989071038
DT,"DecisionTreeClassifier(class_weight=None, criterion='entropy', max_depth=100,
            max_features=None, max_leaf_nodes=None,
            min_impurity_decrease=0.0, min_impurity_split=None,
            min_samples_leaf=1, min_samples_split=10,
            min_weight_fraction_leaf=0.0, presort=False, random_state=None,
            splitter='best')","{'criterion': 'entropy', 'max_depth': 50, 'min_samples_split': 10}",<function baseline at 0x10c4780d0>,0.9325051759834369,1.0,0.19852941176470587,0.05217391304347826,0.09917355371900827,1.0,0.25,0.11304347826086956,0.203125,1.0,0.35294117647058826,0.23478260869565218,0.38028169014084506,1.0,0.4485294117647059,0.34782608695652173,0.5161290322580645,1.0,0.6544117647058824,0.591304347826087,0.7431693989071038
DT,"DecisionTreeClassifier(class_weight=None, criterion='entropy', max_depth=100,
            max_features=None, max_leaf_nodes=None,
            min_impurity_decrease=0.0, min_impurity_split=None,
            min_samples_leaf=1, min_samples_split=10,
            min_weight_fraction_leaf=0.0, presort=False, random_state=None,
            splitter='best')","{'criterion': 'entropy', 'max_depth': 100, 'min_samples_split': 2}",<function baseline at 0x10c4780d0>,0.906832298136646,1.0,0.19852941176470587,0.05217391304347826,0.09917355371900827,1.0,0.25,0.11304347826086956,0.203125,1.0,0.35294117647058826,0.23478260869565218,0.38028169014084506,1.0,0.4485294117647059,0.34782608695652173,0.5161290322580645,1.0,0.6544117647058824,0.591304347826087,0.7431693989071038
DT,"DecisionTreeClassifier(class_weight=None, criterion='entropy', max_depth=100,
            max_features=None, max_leaf_nodes=None,
            min_impurity_decrease=0.0, min_impurity_split=None,
            min_samples_leaf=1, min_samples_split=10,
            min_weight_fraction_leaf=0.0, presort=False, random_state=None,
            splitter='best')","{'criterion': 'entropy', 'max_depth': 100, 'min_samples_split': 5}",<function baseline at 0x10c4780d0>,0.9095238095238094,1.0,0.19852941176470587,0.05217391304347826,0.09917355371900827,1.0,0.25,0.11304347826086956,0.203125,1.0,0.35294117647058826,0.23478260869565218,0.38028169014084506,1.0,0.4485294117647059,0.34782608695652173,0.5161290322580645,1.0,0.6544117647058824,0.591304347826087,0.7431693989071038
DT,"DecisionTreeClassifier(class_weight=None, criterion='entropy', max_depth=100,
            max_features=None, max_leaf_nodes=None,
            min_impurity_decrease=0.0, min_impurity_split=None,
            min_samples_leaf=1, min_samples_split=10,
            min_weight_fraction_leaf=0.0, presort=False, random_state=None,
            splitter='best')","{'criterion': 'entropy', 'max_depth': 100, 'min_samples_split': 10}",<function baseline at 0x10c4780d0>,0.9325051759834369,1.0,0.19852941176470587,0.05217391304347826,0.09917355371900827,1.0,0.25,0.11304347826086956,0.203125,1.0,0.35294117647058826,0.23478260869565218,0.38028169014084506,1.0,0.4485294117647059,0.34782608695652173,0.5161290322580645,1.0,0.6544117647058824,0.591304347826087,0.7431693989071038
KNN,"KNeighborsClassifier(algorithm='kd_tree', leaf_size=30, metric='minkowski',
           metric_params=None, n_jobs=1, n_neighbors=100, p=2,
           weights='distance')","{'algorithm': 'auto', 'n_neighbors': 1, 'weights': 'uniform'}",<function baseline at 0x10c4780d0>,0.5238095238095238,1.0,0.19852941176470587,0.05217391304347826,0.09917355371900827,1.0,0.25,0.11304347826086956,0.203125,1.0,0.35294117647058826,0.23478260869565218,0.38028169014084506,1.0,0.4485294117647059,0.34782608695652173,0.5161290322580645,1.0,0.6544117647058824,0.591304347826087,0.7431693989071038
KNN,"KNeighborsClassifier(algorithm='kd_tree', leaf_size=30, metric='minkowski',
           metric_params=None, n_jobs=1, n_neighbors=100, p=2,
           weights='distance')","{'algorithm': 'auto', 'n_neighbors': 1, 'weights': 'distance'}",<function baseline at 0x10c4780d0>,0.5238095238095238,1.0,0.19852941176470587,0.05217391304347826,0.09917355371900827,1.0,0.25,0.11304347826086956,0.203125,1.0,0.35294117647058826,0.23478260869565218,0.38028169014084506,1.0,0.4485294117647059,0.34782608695652173,0.5161290322580645,1.0,0.6544117647058824,0.591304347826087,0.7431693989071038
KNN,"KNeighborsClassifier(algorithm='kd_tree', leaf_size=30, metric='minkowski',
           metric_params=None, n_jobs=1, n_neighbors=100, p=2,
           weights='distance')","{'algorithm': 'auto', 'n_neighbors': 5, 'weights': 'uniform'}",<function baseline at 0x10c4780d0>,0.5033126293995859,1.0,0.19852941176470587,0.05217391304347826,0.09917355371900827,1.0,0.25,0.11304347826086956,0.203125,1.0,0.35294117647058826,0.23478260869565218,0.38028169014084506,1.0,0.4485294117647059,0.34782608695652173,0.5161290322580645,1.0,0.6544117647058824,0.591304347826087,0.7431693989071038
KNN,"KNeighborsClassifier(algorithm='kd_tree', leaf_size=30, metric='minkowski',
           metric_params=None, n_jobs=1, n_neighbors=100, p=2,
           weights='distance')","{'algorithm': 'auto', 'n_neighbors': 5, 'weights': 'distance'}",<function baseline at 0x10c4780d0>,0.5078674948240165,1.0,0.19852941176470587,0.05217391304347826,0.09917355371900827,1.0,0.25,0.11304347826086956,0.203125,1.0,0.35294117647058826,0.23478260869565218,0.38028169014084506,1.0,0.4485294117647059,0.34782608695652173,0.5161290322580645,1.0,0.6544117647058824,0.591304347826087,0.7431693989071038
KNN,"KNeighborsClassifier(algorithm='kd_tree', leaf_size=30, metric='minkowski',
           metric_params=None, n_jobs=1, n_neighbors=100, p=2,
           weights='distance')","{'algorithm': 'auto', 'n_neighbors': 10, 'weights': 'uniform'}",<function baseline at 0x10c4780d0>,0.5763975155279503,1.0,0.19852941176470587,0.05217391304347826,0.09917355371900827,1.0,0.25,0.11304347826086956,0.203125,1.0,0.35294117647058826,0.23478260869565218,0.38028169014084506,1.0,0.4485294117647059,0.34782608695652173,0.5161290322580645,1.0,0.6544117647058824,0.591304347826087,0.7431693989071038
KNN,"KNeighborsClassifier(algorithm='kd_tree', leaf_size=30, metric='minkowski',
           metric_params=None, n_jobs=1, n_neighbors=100, p=2,
           weights='distance')","{'algorithm': 'auto', 'n_neighbors': 10, 'weights': 'distance'}",<function baseline at 0x10c4780d0>,0.5807453416149069,1.0,0.19852941176470587,0.05217391304347826,0.09917355371900827,1.0,0.25,0.11304347826086956,0.203125,1.0,0.35294117647058826,0.23478260869565218,0.38028169014084506,1.0,0.4485294117647059,0.34782608695652173,0.5161290322580645,1.0,0.6544117647058824,0.591304347826087,0.7431693989071038
KNN,"KNeighborsClassifier(algorithm='kd_tree', leaf_size=30, metric='minkowski',
           metric_params=None, n_jobs=1, n_neighbors=100, p=2,
           weights='distance')","{'algorithm': 'auto', 'n_neighbors': 25, 'weights': 'uniform'}",<function baseline at 0x10c4780d0>,0.5751552795031056,1.0,0.19852941176470587,0.05217391304347826,0.09917355371900827,1.0,0.25,0.11304347826086956,0.203125,1.0,0.35294117647058826,0.23478260869565218,0.38028169014084506,1.0,0.4485294117647059,0.34782608695652173,0.5161290322580645,1.0,0.6544117647058824,0.591304347826087,0.7431693989071038
KNN,"KNeighborsClassifier(algorithm='kd_tree', leaf_size=30, metric='minkowski',
           metric_params=None, n_jobs=1, n_neighbors=100, p=2,
           weights='distance')","{'algorithm': 'auto', 'n_neighbors': 25, 'weights': 'distance'}",<function baseline at 0x10c4780d0>,0.5805383022774327,1.0,0.19852941176470587,0.05217391304347826,0.09917355371900827,1.0,0.25,0.11304347826086956,0.203125,1.0,0.35294117647058826,0.23478260869565218,0.38028169014084506,1.0,0.4485294117647059,0.34782608695652173,0.5161290322580645,1.0,0.6544117647058824,0.591304347826087,0.7431693989071038
KNN,"KNeighborsClassifier(algorithm='kd_tree', leaf_size=30, metric='minkowski',
           metric_params=None, n_jobs=1, n_neighbors=100, p=2,
           weights='distance')","{'algorithm': 'auto', 'n_neighbors': 50, 'weights': 'uniform'}",<function baseline at 0x10c4780d0>,0.6631469979296066,1.0,0.19852941176470587,0.05217391304347826,0.09917355371900827,1.0,0.25,0.11304347826086956,0.203125,1.0,0.35294117647058826,0.23478260869565218,0.38028169014084506,1.0,0.4485294117647059,0.34782608695652173,0.5161290322580645,0.8970588235294118,0.5514705882352942,0.5304347826086957,0.6666666666666667
KNN,"KNeighborsClassifier(algorithm='kd_tree', leaf_size=30, metric='minkowski',
           metric_params=None, n_jobs=1, n_neighbors=100, p=2,
           weights='distance')","{'algorithm': 'auto', 'n_neighbors': 50, 'weights': 'distance'}",<function baseline at 0x10c4780d0>,0.6687370600414079,1.0,0.19852941176470587,0.05217391304347826,0.09917355371900827,1.0,0.25,0.11304347826086956,0.203125,1.0,0.35294117647058826,0.23478260869565218,0.38028169014084506,1.0,0.4485294117647059,0.34782608695652173,0.5161290322580645,0.8970588235294118,0.5514705882352942,0.5304347826086957,0.6666666666666667
KNN,"KNeighborsClassifier(algorithm='kd_tree', leaf_size=30, metric='minkowski',
           metric_params=None, n_jobs=1, n_neighbors=100, p=2,
           weights='distance')","{'algorithm': 'auto', 'n_neighbors': 100, 'weights': 'uniform'}",<function baseline at 0x10c4780d0>,0.7387163561076604,1.0,0.19852941176470587,0.05217391304347826,0.09917355371900827,1.0,0.25,0.11304347826086956,0.203125,0.8888888888888888,0.3088235294117647,0.20869565217391303,0.3380281690140845,0.925,0.40441176470588236,0.3217391304347826,0.4774193548387097,0.9558823529411765,0.6102941176470589,0.5652173913043478,0.7103825136612021
KNN,"KNeighborsClassifier(algorithm='kd_tree', leaf_size=30, metric='minkowski',
           metric_params=None, n_jobs=1, n_neighbors=100, p=2,
           weights='distance')","{'algorithm': 'auto', 'n_neighbors': 100, 'weights': 'distance'}",<function baseline at 0x10c4780d0>,0.7445134575569358,1.0,0.19852941176470587,0.05217391304347826,0.09917355371900827,1.0,0.25,0.11304347826086956,0.203125,0.8888888888888888,0.3088235294117647,0.20869565217391303,0.3380281690140845,0.925,0.40441176470588236,0.3217391304347826,0.4774193548387097,0.9411764705882353,0.5955882352941176,0.5565217391304348,0.6994535519125682
KNN,"KNeighborsClassifier(algorithm='kd_tree', leaf_size=30, metric='minkowski',
           metric_params=None, n_jobs=1, n_neighbors=100, p=2,
           weights='distance')","{'algorithm': 'ball_tree', 'n_neighbors': 1, 'weights': 'uniform'}",<function baseline at 0x10c4780d0>,0.5238095238095238,1.0,0.19852941176470587,0.05217391304347826,0.09917355371900827,1.0,0.25,0.11304347826086956,0.203125,1.0,0.35294117647058826,0.23478260869565218,0.38028169014084506,1.0,0.4485294117647059,0.34782608695652173,0.5161290322580645,1.0,0.6544117647058824,0.591304347826087,0.7431693989071038
KNN,"KNeighborsClassifier(algorithm='kd_tree', leaf_size=30, metric='minkowski',
           metric_params=None, n_jobs=1, n_neighbors=100, p=2,
           weights='distance')","{'algorithm': 'ball_tree', 'n_neighbors': 1, 'weights': 'distance'}",<function baseline at 0x10c4780d0>,0.5238095238095238,1.0,0.19852941176470587,0.05217391304347826,0.09917355371900827,1.0,0.25,0.11304347826086956,0.203125,1.0,0.35294117647058826,0.23478260869565218,0.38028169014084506,1.0,0.4485294117647059,0.34782608695652173,0.5161290322580645,1.0,0.6544117647058824,0.591304347826087,0.7431693989071038
KNN,"KNeighborsClassifier(algorithm='kd_tree', leaf_size=30, metric='minkowski',
           metric_params=None, n_jobs=1, n_neighbors=100, p=2,
           weights='distance')","{'algorithm': 'ball_tree', 'n_neighbors': 5, 'weights': 'uniform'}",<function baseline at 0x10c4780d0>,0.5033126293995859,1.0,0.19852941176470587,0.05217391304347826,0.09917355371900827,1.0,0.25,0.11304347826086956,0.203125,1.0,0.35294117647058826,0.23478260869565218,0.38028169014084506,1.0,0.4485294117647059,0.34782608695652173,0.5161290322580645,1.0,0.6544117647058824,0.591304347826087,0.7431693989071038
KNN,"KNeighborsClassifier(algorithm='kd_tree', leaf_size=30, metric='minkowski',
           metric_params=None, n_jobs=1, n_neighbors=100, p=2,
           weights='distance')","{'algorithm': 'ball_tree', 'n_neighbors': 5, 'weights': 'distance'}",<function baseline at 0x10c4780d0>,0.5078674948240165,1.0,0.19852941176470587,0.05217391304347826,0.09917355371900827,1.0,0.25,0.11304347826086956,0.203125,1.0,0.35294117647058826,0.23478260869565218,0.38028169014084506,1.0,0.4485294117647059,0.34782608695652173,0.5161290322580645,1.0,0.6544117647058824,0.591304347826087,0.7431693989071038
KNN,"KNeighborsClassifier(algorithm='kd_tree', leaf_size=30, metric='minkowski',
           metric_params=None, n_jobs=1, n_neighbors=100, p=2,
           weights='distance')","{'algorithm': 'ball_tree', 'n_neighbors': 10, 'weights': 'uniform'}",<function baseline at 0x10c4780d0>,0.5763975155279503,1.0,0.19852941176470587,0.05217391304347826,0.09917355371900827,1.0,0.25,0.11304347826086956,0.203125,1.0,0.35294117647058826,0.23478260869565218,0.38028169014084506,1.0,0.4485294117647059,0.34782608695652173,0.5161290322580645,1.0,0.6544117647058824,0.591304347826087,0.7431693989071038
KNN,"KNeighborsClassifier(algorithm='kd_tree', leaf_size=30, metric='minkowski',
           metric_params=None, n_jobs=1, n_neighbors=100, p=2,
           weights='distance')","{'algorithm': 'ball_tree', 'n_neighbors': 10, 'weights': 'distance'}",<function baseline at 0x10c4780d0>,0.5807453416149069,1.0,0.19852941176470587,0.05217391304347826,0.09917355371900827,1.0,0.25,0.11304347826086956,0.203125,1.0,0.35294117647058826,0.23478260869565218,0.38028169014084506,1.0,0.4485294117647059,0.34782608695652173,0.5161290322580645,1.0,0.6544117647058824,0.591304347826087,0.7431693989071038
KNN,"KNeighborsClassifier(algorithm='kd_tree', leaf_size=30, metric='minkowski',
           metric_params=None, n_jobs=1, n_neighbors=100, p=2,
           weights='distance')","{'algorithm': 'ball_tree', 'n_neighbors': 25, 'weights': 'uniform'}",<function baseline at 0x10c4780d0>,0.5751552795031056,1.0,0.19852941176470587,0.05217391304347826,0.09917355371900827,1.0,0.25,0.11304347826086956,0.203125,1.0,0.35294117647058826,0.23478260869565218,0.38028169014084506,1.0,0.4485294117647059,0.34782608695652173,0.5161290322580645,1.0,0.6544117647058824,0.591304347826087,0.7431693989071038
KNN,"KNeighborsClassifier(algorithm='kd_tree', leaf_size=30, metric='minkowski',
           metric_params=None, n_jobs=1, n_neighbors=100, p=2,
           weights='distance')","{'algorithm': 'ball_tree', 'n_neighbors': 25, 'weights': 'distance'}",<function baseline at 0x10c4780d0>,0.5805383022774327,1.0,0.19852941176470587,0.05217391304347826,0.09917355371900827,1.0,0.25,0.11304347826086956,0.203125,1.0,0.35294117647058826,0.23478260869565218,0.38028169014084506,1.0,0.4485294117647059,0.34782608695652173,0.5161290322580645,1.0,0.6544117647058824,0.591304347826087,0.7431693989071038
KNN,"KNeighborsClassifier(algorithm='kd_tree', leaf_size=30, metric='minkowski',
           metric_params=None, n_jobs=1, n_neighbors=100, p=2,
           weights='distance')","{'algorithm': 'ball_tree', 'n_neighbors': 50, 'weights': 'uniform'}",<function baseline at 0x10c4780d0>,0.6631469979296066,1.0,0.19852941176470587,0.05217391304347826,0.09917355371900827,1.0,0.25,0.11304347826086956,0.203125,1.0,0.35294117647058826,0.23478260869565218,0.38028169014084506,1.0,0.4485294117647059,0.34782608695652173,0.5161290322580645,0.8970588235294118,0.5514705882352942,0.5304347826086957,0.6666666666666667
KNN,"KNeighborsClassifier(algorithm='kd_tree', leaf_size=30, metric='minkowski',
           metric_params=None, n_jobs=1, n_neighbors=100, p=2,
           weights='distance')","{'algorithm': 'ball_tree', 'n_neighbors': 50, 'weights': 'distance'}",<function baseline at 0x10c4780d0>,0.6687370600414079,1.0,0.19852941176470587,0.05217391304347826,0.09917355371900827,1.0,0.25,0.11304347826086956,0.203125,1.0,0.35294117647058826,0.23478260869565218,0.38028169014084506,1.0,0.4485294117647059,0.34782608695652173,0.5161290322580645,0.8970588235294118,0.5514705882352942,0.5304347826086957,0.6666666666666667
KNN,"KNeighborsClassifier(algorithm='kd_tree', leaf_size=30, metric='minkowski',
           metric_params=None, n_jobs=1, n_neighbors=100, p=2,
           weights='distance')","{'algorithm': 'ball_tree', 'n_neighbors': 100, 'weights': 'uniform'}",<function baseline at 0x10c4780d0>,0.7397515527950311,1.0,0.19852941176470587,0.05217391304347826,0.09917355371900827,1.0,0.25,0.11304347826086956,0.203125,0.8888888888888888,0.3088235294117647,0.20869565217391303,0.3380281690140845,0.925,0.40441176470588236,0.3217391304347826,0.4774193548387097,0.9558823529411765,0.6102941176470589,0.5652173913043478,0.7103825136612021
KNN,"KNeighborsClassifier(algorithm='kd_tree', leaf_size=30, metric='minkowski',
           metric_params=None, n_jobs=1, n_neighbors=100, p=2,
           weights='distance')","{'algorithm': 'ball_tree', 'n_neighbors': 100, 'weights': 'distance'}",<function baseline at 0x10c4780d0>,0.743271221532091,1.0,0.19852941176470587,0.05217391304347826,0.09917355371900827,1.0,0.25,0.11304347826086956,0.203125,0.8888888888888888,0.3088235294117647,0.20869565217391303,0.3380281690140845,0.925,0.40441176470588236,0.3217391304347826,0.4774193548387097,0.9411764705882353,0.5955882352941176,0.5565217391304348,0.6994535519125682
KNN,"KNeighborsClassifier(algorithm='kd_tree', leaf_size=30, metric='minkowski',
           metric_params=None, n_jobs=1, n_neighbors=100, p=2,
           weights='distance')","{'algorithm': 'kd_tree', 'n_neighbors': 1, 'weights': 'uniform'}",<function baseline at 0x10c4780d0>,0.5238095238095238,1.0,0.19852941176470587,0.05217391304347826,0.09917355371900827,1.0,0.25,0.11304347826086956,0.203125,1.0,0.35294117647058826,0.23478260869565218,0.38028169014084506,1.0,0.4485294117647059,0.34782608695652173,0.5161290322580645,1.0,0.6544117647058824,0.591304347826087,0.7431693989071038
KNN,"KNeighborsClassifier(algorithm='kd_tree', leaf_size=30, metric='minkowski',
           metric_params=None, n_jobs=1, n_neighbors=100, p=2,
           weights='distance')","{'algorithm': 'kd_tree', 'n_neighbors': 1, 'weights': 'distance'}",<function baseline at 0x10c4780d0>,0.5238095238095238,1.0,0.19852941176470587,0.05217391304347826,0.09917355371900827,1.0,0.25,0.11304347826086956,0.203125,1.0,0.35294117647058826,0.23478260869565218,0.38028169014084506,1.0,0.4485294117647059,0.34782608695652173,0.5161290322580645,1.0,0.6544117647058824,0.591304347826087,0.7431693989071038
KNN,"KNeighborsClassifier(algorithm='kd_tree', leaf_size=30, metric='minkowski',
           metric_params=None, n_jobs=1, n_neighbors=100, p=2,
           weights='distance')","{'algorithm': 'kd_tree', 'n_neighbors': 5, 'weights': 'uniform'}",<function baseline at 0x10c4780d0>,0.5033126293995859,1.0,0.19852941176470587,0.05217391304347826,0.09917355371900827,1.0,0.25,0.11304347826086956,0.203125,1.0,0.35294117647058826,0.23478260869565218,0.38028169014084506,1.0,0.4485294117647059,0.34782608695652173,0.5161290322580645,1.0,0.6544117647058824,0.591304347826087,0.7431693989071038
KNN,"KNeighborsClassifier(algorithm='kd_tree', leaf_size=30, metric='minkowski',
           metric_params=None, n_jobs=1, n_neighbors=100, p=2,
           weights='distance')","{'algorithm': 'kd_tree', 'n_neighbors': 5, 'weights': 'distance'}",<function baseline at 0x10c4780d0>,0.5078674948240165,1.0,0.19852941176470587,0.05217391304347826,0.09917355371900827,1.0,0.25,0.11304347826086956,0.203125,1.0,0.35294117647058826,0.23478260869565218,0.38028169014084506,1.0,0.4485294117647059,0.34782608695652173,0.5161290322580645,1.0,0.6544117647058824,0.591304347826087,0.7431693989071038
KNN,"KNeighborsClassifier(algorithm='kd_tree', leaf_size=30, metric='minkowski',
           metric_params=None, n_jobs=1, n_neighbors=100, p=2,
           weights='distance')","{'algorithm': 'kd_tree', 'n_neighbors': 10, 'weights': 'uniform'}",<function baseline at 0x10c4780d0>,0.5763975155279503,1.0,0.19852941176470587,0.05217391304347826,0.09917355371900827,1.0,0.25,0.11304347826086956,0.203125,1.0,0.35294117647058826,0.23478260869565218,0.38028169014084506,1.0,0.4485294117647059,0.34782608695652173,0.5161290322580645,1.0,0.6544117647058824,0.591304347826087,0.7431693989071038
KNN,"KNeighborsClassifier(algorithm='kd_tree', leaf_size=30, metric='minkowski',
           metric_params=None, n_jobs=1, n_neighbors=100, p=2,
           weights='distance')","{'algorithm': 'kd_tree', 'n_neighbors': 10, 'weights': 'distance'}",<function baseline at 0x10c4780d0>,0.5807453416149069,1.0,0.19852941176470587,0.05217391304347826,0.09917355371900827,1.0,0.25,0.11304347826086956,0.203125,1.0,0.35294117647058826,0.23478260869565218,0.38028169014084506,1.0,0.4485294117647059,0.34782608695652173,0.5161290322580645,1.0,0.6544117647058824,0.591304347826087,0.7431693989071038
KNN,"KNeighborsClassifier(algorithm='kd_tree', leaf_size=30, metric='minkowski',
           metric_params=None, n_jobs=1, n_neighbors=100, p=2,
           weights='distance')","{'algorithm': 'kd_tree', 'n_neighbors': 25, 'weights': 'uniform'}",<function baseline at 0x10c4780d0>,0.5751552795031056,1.0,0.19852941176470587,0.05217391304347826,0.09917355371900827,1.0,0.25,0.11304347826086956,0.203125,1.0,0.35294117647058826,0.23478260869565218,0.38028169014084506,1.0,0.4485294117647059,0.34782608695652173,0.5161290322580645,1.0,0.6544117647058824,0.591304347826087,0.7431693989071038
KNN,"KNeighborsClassifier(algorithm='kd_tree', leaf_size=30, metric='minkowski',
           metric_params=None, n_jobs=1, n_neighbors=100, p=2,
           weights='distance')","{'algorithm': 'kd_tree', 'n_neighbors': 25, 'weights': 'distance'}",<function baseline at 0x10c4780d0>,0.5805383022774327,1.0,0.19852941176470587,0.05217391304347826,0.09917355371900827,1.0,0.25,0.11304347826086956,0.203125,1.0,0.35294117647058826,0.23478260869565218,0.38028169014084506,1.0,0.4485294117647059,0.34782608695652173,0.5161290322580645,1.0,0.6544117647058824,0.591304347826087,0.7431693989071038
KNN,"KNeighborsClassifier(algorithm='kd_tree', leaf_size=30, metric='minkowski',
           metric_params=None, n_jobs=1, n_neighbors=100, p=2,
           weights='distance')","{'algorithm': 'kd_tree', 'n_neighbors': 50, 'weights': 'uniform'}",<function baseline at 0x10c4780d0>,0.6631469979296066,1.0,0.19852941176470587,0.05217391304347826,0.09917355371900827,1.0,0.25,0.11304347826086956,0.203125,1.0,0.35294117647058826,0.23478260869565218,0.38028169014084506,1.0,0.4485294117647059,0.34782608695652173,0.5161290322580645,0.8970588235294118,0.5514705882352942,0.5304347826086957,0.6666666666666667
KNN,"KNeighborsClassifier(algorithm='kd_tree', leaf_size=30, metric='minkowski',
           metric_params=None, n_jobs=1, n_neighbors=100, p=2,
           weights='distance')","{'algorithm': 'kd_tree', 'n_neighbors': 50, 'weights': 'distance'}",<function baseline at 0x10c4780d0>,0.6687370600414079,1.0,0.19852941176470587,0.05217391304347826,0.09917355371900827,1.0,0.25,0.11304347826086956,0.203125,1.0,0.35294117647058826,0.23478260869565218,0.38028169014084506,1.0,0.4485294117647059,0.34782608695652173,0.5161290322580645,0.8970588235294118,0.5514705882352942,0.5304347826086957,0.6666666666666667
KNN,"KNeighborsClassifier(algorithm='kd_tree', leaf_size=30, metric='minkowski',
           metric_params=None, n_jobs=1, n_neighbors=100, p=2,
           weights='distance')","{'algorithm': 'kd_tree', 'n_neighbors': 100, 'weights': 'uniform'}",<function baseline at 0x10c4780d0>,0.7387163561076604,1.0,0.19852941176470587,0.05217391304347826,0.09917355371900827,1.0,0.25,0.11304347826086956,0.203125,0.8888888888888888,0.3088235294117647,0.20869565217391303,0.3380281690140845,0.925,0.40441176470588236,0.3217391304347826,0.4774193548387097,0.9558823529411765,0.6102941176470589,0.5652173913043478,0.7103825136612021
KNN,"KNeighborsClassifier(algorithm='kd_tree', leaf_size=30, metric='minkowski',
           metric_params=None, n_jobs=1, n_neighbors=100, p=2,
           weights='distance')","{'algorithm': 'kd_tree', 'n_neighbors': 100, 'weights': 'distance'}",<function baseline at 0x10c4780d0>,0.7445134575569358,1.0,0.19852941176470587,0.05217391304347826,0.09917355371900827,1.0,0.25,0.11304347826086956,0.203125,0.8888888888888888,0.3088235294117647,0.20869565217391303,0.3380281690140845,0.925,0.40441176470588236,0.3217391304347826,0.4774193548387097,0.9411764705882353,0.5955882352941176,0.5565217391304348,0.6994535519125682
LR,"LogisticRegression(C=10, class_weight=None, dual=False, fit_intercept=True,
          intercept_scaling=1, max_iter=100, multi_class='ovr', n_jobs=1,
          penalty='l2', random_state=None, solver='liblinear', tol=0.0001,
          verbose=0, warm_start=False)","{'C': 1e-05, 'penalty': 'l1'}",<function baseline at 0x10c4780d0>,0.5,1.0,0.19852941176470587,0.05217391304347826,0.09917355371900827,1.0,0.25,0.11304347826086956,0.203125,1.0,0.35294117647058826,0.23478260869565218,0.38028169014084506,1.0,0.4485294117647059,0.34782608695652173,0.5161290322580645,1.0,0.6544117647058824,0.591304347826087,0.7431693989071038
LR,"LogisticRegression(C=10, class_weight=None, dual=False, fit_intercept=True,
          intercept_scaling=1, max_iter=100, multi_class='ovr', n_jobs=1,
          penalty='l2', random_state=None, solver='liblinear', tol=0.0001,
          verbose=0, warm_start=False)","{'C': 1e-05, 'penalty': 'l2'}",<function baseline at 0x10c4780d0>,0.5763975155279504,1.0,0.19852941176470587,0.05217391304347826,0.09917355371900827,1.0,0.25,0.11304347826086956,0.203125,1.0,0.35294117647058826,0.23478260869565218,0.38028169014084506,0.975,0.4338235294117647,0.3391304347826087,0.503225806451613,0.8529411764705882,0.5073529411764706,0.5043478260869565,0.6338797814207651
LR,"LogisticRegression(C=10, class_weight=None, dual=False, fit_intercept=True,
          intercept_scaling=1, max_iter=100, multi_class='ovr', n_jobs=1,
          penalty='l2', random_state=None, solver='liblinear', tol=0.0001,
          verbose=0, warm_start=False)","{'C': 0.001, 'penalty': 'l1'}",<function baseline at 0x10c4780d0>,0.5,1.0,0.19852941176470587,0.05217391304347826,0.09917355371900827,1.0,0.25,0.11304347826086956,0.203125,1.0,0.35294117647058826,0.23478260869565218,0.38028169014084506,1.0,0.4485294117647059,0.34782608695652173,0.5161290322580645,1.0,0.6544117647058824,0.591304347826087,0.7431693989071038
LR,"LogisticRegression(C=10, class_weight=None, dual=False, fit_intercept=True,
          intercept_scaling=1, max_iter=100, multi_class='ovr', n_jobs=1,
          penalty='l2', random_state=None, solver='liblinear', tol=0.0001,
          verbose=0, warm_start=False)","{'C': 0.001, 'penalty': 'l2'}",<function baseline at 0x10c4780d0>,0.6434782608695652,1.0,0.19852941176470587,0.05217391304347826,0.09917355371900827,1.0,0.25,0.11304347826086956,0.203125,1.0,0.35294117647058826,0.23478260869565218,0.38028169014084506,1.0,0.4485294117647059,0.34782608695652173,0.5161290322580645,0.9117647058823529,0.5661764705882353,0.5391304347826087,0.6775956284153006
LR,"LogisticRegression(C=10, class_weight=None, dual=False, fit_intercept=True,
          intercept_scaling=1, max_iter=100, multi_class='ovr', n_jobs=1,
          penalty='l2', random_state=None, solver='liblinear', tol=0.0001,
          verbose=0, warm_start=False)","{'C': 0.1, 'penalty': 'l1'}",<function baseline at 0x10c4780d0>,0.8327122153209109,1.0,0.19852941176470587,0.05217391304347826,0.09917355371900827,1.0,0.25,0.11304347826086956,0.203125,1.0,0.35294117647058826,0.23478260869565218,0.38028169014084506,1.0,0.4485294117647059,0.34782608695652173,0.5161290322580645,1.0,0.6544117647058824,0.591304347826087,0.7431693989071038
LR,"LogisticRegression(C=10, class_weight=None, dual=False, fit_intercept=True,
          intercept_scaling=1, max_iter=100, multi_class='ovr', n_jobs=1,
          penalty='l2', random_state=None, solver='liblinear', tol=0.0001,
          verbose=0, warm_start=False)","{'C': 0.1, 'penalty': 'l2'}",<function baseline at 0x10c4780d0>,0.8335403726708075,1.0,0.19852941176470587,0.05217391304347826,0.09917355371900827,1.0,0.25,0.11304347826086956,0.203125,0.9629629629629629,0.3382352941176471,0.22608695652173913,0.36619718309859156,0.975,0.4338235294117647,0.3391304347826087,0.503225806451613,0.9558823529411765,0.6102941176470589,0.5652173913043478,0.7103825136612021
LR,"LogisticRegression(C=10, class_weight=None, dual=False, fit_intercept=True,
          intercept_scaling=1, max_iter=100, multi_class='ovr', n_jobs=1,
          penalty='l2', random_state=None, solver='liblinear', tol=0.0001,
          verbose=0, warm_start=False)","{'C': 1, 'penalty': 'l1'}",<function baseline at 0x10c4780d0>,0.9122153209109731,1.0,0.19852941176470587,0.05217391304347826,0.09917355371900827,1.0,0.25,0.11304347826086956,0.203125,1.0,0.35294117647058826,0.23478260869565218,0.38028169014084506,0.975,0.4338235294117647,0.3391304347826087,0.503225806451613,0.9852941176470589,0.6397058823529411,0.5826086956521739,0.73224043715847
LR,"LogisticRegression(C=10, class_weight=None, dual=False, fit_intercept=True,
          intercept_scaling=1, max_iter=100, multi_class='ovr', n_jobs=1,
          penalty='l2', random_state=None, solver='liblinear', tol=0.0001,
          verbose=0, warm_start=False)","{'C': 1, 'penalty': 'l2'}",<function baseline at 0x10c4780d0>,0.8745341614906833,1.0,0.19852941176470587,0.05217391304347826,0.09917355371900827,1.0,0.25,0.11304347826086956,0.203125,0.9629629629629629,0.3382352941176471,0.22608695652173913,0.36619718309859156,0.975,0.4338235294117647,0.3391304347826087,0.503225806451613,0.9852941176470589,0.6397058823529411,0.5826086956521739,0.73224043715847
LR,"LogisticRegression(C=10, class_weight=None, dual=False, fit_intercept=True,
          intercept_scaling=1, max_iter=100, multi_class='ovr', n_jobs=1,
          penalty='l2', random_state=None, solver='liblinear', tol=0.0001,
          verbose=0, warm_start=False)","{'C': 10, 'penalty': 'l1'}",<function baseline at 0x10c4780d0>,0.9200828157349896,1.0,0.19852941176470587,0.05217391304347826,0.09917355371900827,1.0,0.25,0.11304347826086956,0.203125,1.0,0.35294117647058826,0.23478260869565218,0.38028169014084506,1.0,0.4485294117647059,0.34782608695652173,0.5161290322580645,0.9852941176470589,0.6397058823529411,0.5826086956521739,0.73224043715847
LR,"LogisticRegression(C=10, class_weight=None, dual=False, fit_intercept=True,
          intercept_scaling=1, max_iter=100, multi_class='ovr', n_jobs=1,
          penalty='l2', random_state=None, solver='liblinear', tol=0.0001,
          verbose=0, warm_start=False)","{'C': 10, 'penalty': 'l2'}",<function baseline at 0x10c4780d0>,0.9031055900621118,1.0,0.19852941176470587,0.05217391304347826,0.09917355371900827,1.0,0.25,0.11304347826086956,0.203125,1.0,0.35294117647058826,0.23478260869565218,0.38028169014084506,0.975,0.4338235294117647,0.3391304347826087,0.503225806451613,0.9852941176470589,0.6397058823529411,0.5826086956521739,0.73224043715847
NB,GaussianNB(priors=None),{},<function baseline at 0x10c4780d0>,0.5,1.0,0.19852941176470587,0.05217391304347826,0.09917355371900827,1.0,0.25,0.11304347826086956,0.203125,1.0,0.35294117647058826,0.23478260869565218,0.38028169014084506,1.0,0.4485294117647059,0.34782608695652173,0.5161290322580645,1.0,0.6544117647058824,0.591304347826087,0.7431693989071038
